puzzle,size,difficulty,algorithm,runs,success_rate,memory_samples,runtime_ms_median,runtime_ms_mean,runtime_ms_stdev,runtime_ms_min,runtime_ms_max,peak_python_memory_kib_median,peak_python_memory_kib_mean,peak_python_memory_kib_stdev,peak_python_memory_kib_min,peak_python_memory_kib_max,nodes_expanded_median,nodes_expanded_mean,nodes_expanded_stdev,nodes_expanded_min,nodes_expanded_max
futoshiki,4,easy,dfs,30,1.0000,3,0.3473,0.3539,0.0259,0.3194,0.4037,8.3291,8.3291,0.0000,8.3291,8.3291,8.0000,8.0000,0.0000,8.0000,8.0000
futoshiki,4,easy,gbfs,30,1.0000,3,0.5337,0.5895,0.0957,0.4963,0.7326,8.6025,8.6208,0.0316,8.6025,8.6572,8.0000,8.0000,0.0000,8.0000,8.0000
futoshiki,5,medium,dfs,30,1.0000,3,1.0365,1.1734,0.2226,0.9783,1.5376,15.1104,15.3525,1.5649,13.9229,17.0244,16.0000,17.3333,1.9179,16.0000,20.0000
futoshiki,5,medium,gbfs,30,1.0000,3,3.0003,2.8382,0.3341,2.3354,3.4491,15.8525,16.5895,2.2900,14.7588,19.1572,16.0000,18.6667,3.8357,16.0000,24.0000
futoshiki,6,hard,dfs,30,1.0000,3,4.8347,4.5309,1.4363,2.6192,6.4708,37.1182,33.3369,6.9523,25.3135,37.5791,53.0000,46.0000,10.7959,31.0000,54.0000
futoshiki,6,hard,gbfs,30,1.0000,3,17.3109,19.1705,11.9706,5.6694,35.7603,61.3057,56.1182,26.8242,27.0791,79.9697,89.0000,81.3333,38.1859,32.0000,123.0000
pipes,6x6,hard,dfs,30,1.0000,3,861.2865,803.5778,94.2424,663.8501,889.0741,252.3223,251.9941,12.7219,239.1113,264.5488,420.0000,425.0000,22.2989,401.0000,454.0000
pipes,6x6,hard,gbfs,30,1.0000,3,932.9099,908.9016,83.6893,779.7307,1019.6725,269.1035,264.6113,16.5155,246.3145,278.4160,434.0000,427.3333,26.1868,393.0000,455.0000
pipes,7x7,hard,dfs,30,1.0000,3,2667.5518,2475.1779,816.9843,1387.9071,3649.4343,701.8301,667.6738,306.9132,345.1113,956.0801,1098.0000,987.6667,366.2111,502.0000,1363.0000
pipes,7x7,hard,gbfs,30,1.0000,3,3843.9131,3139.4430,1180.9869,1468.6543,4110.7485,1028.3145,812.7340,406.2643,344.1191,1065.7686,1421.0000,1127.3333,469.1888,476.0000,1485.0000
pipes,8x8,hard,dfs,30,1.0000,3,6956.7007,9677.8086,6554.6694,3429.5413,18767.1597,1505.7754,1993.4186,1434.3188,866.5020,3607.9785,1904.0000,2630.0000,1625.0021,1140.0000,4846.0000
pipes,8x8,hard,gbfs,30,1.0000,3,11247.3848,13113.8890,8610.1892,3680.4347,24579.5218,2131.7998,2571.5859,1923.4986,906.0645,4676.8936,2689.0000,3152.3333,1884.1073,1151.0000,5617.0000
