puzzle_id,puzzle,size,difficulty,seed,algorithm,repeat,python_version,os,cpu_model,git_commit,python_executable,status,runtime_ms,peak_python_memory_kib,nodes_generated,nodes_expanded,nodes_pruned,duplicate_states,max_frontier_size,solution_depth,solution_action_count,heuristic_evaluations,message
pipes-3x3-easy-seed-101,pipes,3x3,easy,101,dfs,1,3.14.3,macOS-26.5.2-arm64-arm-64bit-Mach-O,arm,unknown,/Users/vqd/BTL_AI/.venv/bin/python,solved,1.3185410061851144,131.0673828125,10,10,0,0,1,9,9,0,
pipes-3x3-easy-seed-101,pipes,3x3,easy,101,dfs,2,3.14.3,macOS-26.5.2-arm64-arm-64bit-Mach-O,arm,unknown,/Users/vqd/BTL_AI/.venv/bin/python,solved,1.2929589720442891,131.0673828125,10,10,0,0,1,9,9,0,
pipes-3x3-easy-seed-101,pipes,3x3,easy,101,dfs,3,3.14.3,macOS-26.5.2-arm64-arm-64bit-Mach-O,arm,unknown,/Users/vqd/BTL_AI/.venv/bin/python,solved,1.3147499994374812,131.0673828125,10,10,0,0,1,9,9,0,
pipes-3x3-easy-seed-101,pipes,3x3,easy,101,dfs,4,3.14.3,macOS-26.5.2-arm64-arm-64bit-Mach-O,arm,unknown,/Users/vqd/BTL_AI/.venv/bin/python,solved,1.3571250019595027,131.0673828125,10,10,0,0,1,9,9,0,
pipes-3x3-easy-seed-101,pipes,3x3,easy,101,dfs,5,3.14.3,macOS-26.5.2-arm64-arm-64bit-Mach-O,arm,unknown,/Users/vqd/BTL_AI/.venv/bin/python,solved,1.3222090201452374,131.0673828125,10,10,0,0,1,9,9,0,
pipes-3x3-easy-seed-101,pipes,3x3,easy,101,dfs,6,3.14.3,macOS-26.5.2-arm64-arm-64bit-Mach-O,arm,unknown,/Users/vqd/BTL_AI/.venv/bin/python,solved,1.3321249862201512,131.0673828125,10,10,0,0,1,9,9,0,
pipes-3x3-easy-seed-101,pipes,3x3,easy,101,dfs,7,3.14.3,macOS-26.5.2-arm64-arm-64bit-Mach-O,arm,unknown,/Users/vqd/BTL_AI/.venv/bin/python,solved,1.3042920036241412,131.0673828125,10,10,0,0,1,9,9,0,
pipes-3x3-easy-seed-101,pipes,3x3,easy,101,dfs,8,3.14.3,macOS-26.5.2-arm64-arm-64bit-Mach-O,arm,unknown,/Users/vqd/BTL_AI/.venv/bin/python,solved,1.317917020060122,131.0673828125,10,10,0,0,1,9,9,0,
pipes-3x3-easy-seed-101,pipes,3x3,easy,101,dfs,9,3.14.3,macOS-26.5.2-arm64-arm-64bit-Mach-O,arm,unknown,/Users/vqd/BTL_AI/.venv/bin/python,solved,1.403332978952676,131.0673828125,10,10,0,0,1,9,9,0,
pipes-3x3-easy-seed-101,pipes,3x3,easy,101,dfs,10,3.14.3,macOS-26.5.2-arm64-arm-64bit-Mach-O,arm,unknown,/Users/vqd/BTL_AI/.venv/bin/python,solved,1.3675839873030782,131.0673828125,10,10,0,0,1,9,9,0,
pipes-3x3-easy-seed-101,pipes,3x3,easy,101,gbfs,1,3.14.3,macOS-26.5.2-arm64-arm-64bit-Mach-O,arm,unknown,/Users/vqd/BTL_AI/.venv/bin/python,solved,1.6003749915398657,131.0673828125,10,10,0,0,1,9,9,10,
pipes-3x3-easy-seed-101,pipes,3x3,easy,101,gbfs,2,3.14.3,macOS-26.5.2-arm64-arm-64bit-Mach-O,arm,unknown,/Users/vqd/BTL_AI/.venv/bin/python,solved,1.585791993420571,131.0673828125,10,10,0,0,1,9,9,10,
pipes-3x3-easy-seed-101,pipes,3x3,easy,101,gbfs,3,3.14.3,macOS-26.5.2-arm64-arm-64bit-Mach-O,arm,unknown,/Users/vqd/BTL_AI/.venv/bin/python,solved,1.593666966073215,131.0673828125,10,10,0,0,1,9,9,10,
pipes-3x3-easy-seed-101,pipes,3x3,easy,101,gbfs,4,3.14.3,macOS-26.5.2-arm64-arm-64bit-Mach-O,arm,unknown,/Users/vqd/BTL_AI/.venv/bin/python,solved,1.6858750022947788,131.0673828125,10,10,0,0,1,9,9,10,
pipes-3x3-easy-seed-101,pipes,3x3,easy,101,gbfs,5,3.14.3,macOS-26.5.2-arm64-arm-64bit-Mach-O,arm,unknown,/Users/vqd/BTL_AI/.venv/bin/python,solved,1.6438750317320228,131.0673828125,10,10,0,0,1,9,9,10,
pipes-3x3-easy-seed-101,pipes,3x3,easy,101,gbfs,6,3.14.3,macOS-26.5.2-arm64-arm-64bit-Mach-O,arm,unknown,/Users/vqd/BTL_AI/.venv/bin/python,solved,1.6192499897442758,131.0673828125,10,10,0,0,1,9,9,10,
pipes-3x3-easy-seed-101,pipes,3x3,easy,101,gbfs,7,3.14.3,macOS-26.5.2-arm64-arm-64bit-Mach-O,arm,unknown,/Users/vqd/BTL_AI/.venv/bin/python,solved,1.5703749959357083,131.0673828125,10,10,0,0,1,9,9,10,
pipes-3x3-easy-seed-101,pipes,3x3,easy,101,gbfs,8,3.14.3,macOS-26.5.2-arm64-arm-64bit-Mach-O,arm,unknown,/Users/vqd/BTL_AI/.venv/bin/python,solved,1.5937919961288571,131.0673828125,10,10,0,0,1,9,9,10,
pipes-3x3-easy-seed-101,pipes,3x3,easy,101,gbfs,9,3.14.3,macOS-26.5.2-arm64-arm-64bit-Mach-O,arm,unknown,/Users/vqd/BTL_AI/.venv/bin/python,solved,1.610292005352676,131.0673828125,10,10,0,0,1,9,9,10,
pipes-3x3-easy-seed-101,pipes,3x3,easy,101,gbfs,10,3.14.3,macOS-26.5.2-arm64-arm-64bit-Mach-O,arm,unknown,/Users/vqd/BTL_AI/.venv/bin/python,solved,1.5668330015614629,131.0673828125,10,10,0,0,1,9,9,10,
futoshiki-4x4-easy-seed-201,futoshiki,4,easy,201,dfs,1,3.14.3,macOS-26.5.2-arm64-arm-64bit-Mach-O,arm,unknown,/Users/vqd/BTL_AI/.venv/bin/python,solved,0.14829199062660336,132.7470703125,8,8,0,0,1,7,7,0,
futoshiki-4x4-easy-seed-201,futoshiki,4,easy,201,dfs,2,3.14.3,macOS-26.5.2-arm64-arm-64bit-Mach-O,arm,unknown,/Users/vqd/BTL_AI/.venv/bin/python,solved,0.15245802933350205,132.7470703125,8,8,0,0,1,7,7,0,
futoshiki-4x4-easy-seed-201,futoshiki,4,easy,201,dfs,3,3.14.3,macOS-26.5.2-arm64-arm-64bit-Mach-O,arm,unknown,/Users/vqd/BTL_AI/.venv/bin/python,solved,0.17029099399223924,132.7470703125,8,8,0,0,1,7,7,0,
futoshiki-4x4-easy-seed-201,futoshiki,4,easy,201,dfs,4,3.14.3,macOS-26.5.2-arm64-arm-64bit-Mach-O,arm,unknown,/Users/vqd/BTL_AI/.venv/bin/python,solved,0.14650000957772136,132.7470703125,8,8,0,0,1,7,7,0,
futoshiki-4x4-easy-seed-201,futoshiki,4,easy,201,dfs,5,3.14.3,macOS-26.5.2-arm64-arm-64bit-Mach-O,arm,unknown,/Users/vqd/BTL_AI/.venv/bin/python,solved,0.15704199904575944,132.7470703125,8,8,0,0,1,7,7,0,
futoshiki-4x4-easy-seed-201,futoshiki,4,easy,201,dfs,6,3.14.3,macOS-26.5.2-arm64-arm-64bit-Mach-O,arm,unknown,/Users/vqd/BTL_AI/.venv/bin/python,solved,0.1467500114813447,132.7470703125,8,8,0,0,1,7,7,0,
futoshiki-4x4-easy-seed-201,futoshiki,4,easy,201,dfs,7,3.14.3,macOS-26.5.2-arm64-arm-64bit-Mach-O,arm,unknown,/Users/vqd/BTL_AI/.venv/bin/python,solved,0.1465840032324195,132.7470703125,8,8,0,0,1,7,7,0,
futoshiki-4x4-easy-seed-201,futoshiki,4,easy,201,dfs,8,3.14.3,macOS-26.5.2-arm64-arm-64bit-Mach-O,arm,unknown,/Users/vqd/BTL_AI/.venv/bin/python,solved,0.16058300388976932,132.7470703125,8,8,0,0,1,7,7,0,
futoshiki-4x4-easy-seed-201,futoshiki,4,easy,201,dfs,9,3.14.3,macOS-26.5.2-arm64-arm-64bit-Mach-O,arm,unknown,/Users/vqd/BTL_AI/.venv/bin/python,solved,0.16191700706258416,132.7470703125,8,8,0,0,1,7,7,0,
futoshiki-4x4-easy-seed-201,futoshiki,4,easy,201,dfs,10,3.14.3,macOS-26.5.2-arm64-arm-64bit-Mach-O,arm,unknown,/Users/vqd/BTL_AI/.venv/bin/python,solved,0.15570898540318012,132.7470703125,8,8,0,0,1,7,7,0,
futoshiki-4x4-easy-seed-201,futoshiki,4,easy,201,gbfs,1,3.14.3,macOS-26.5.2-arm64-arm-64bit-Mach-O,arm,unknown,/Users/vqd/BTL_AI/.venv/bin/python,solved,0.24579203454777598,132.7470703125,8,8,0,0,1,7,7,8,
futoshiki-4x4-easy-seed-201,futoshiki,4,easy,201,gbfs,2,3.14.3,macOS-26.5.2-arm64-arm-64bit-Mach-O,arm,unknown,/Users/vqd/BTL_AI/.venv/bin/python,solved,0.24666701210662723,132.7470703125,8,8,0,0,1,7,7,8,
futoshiki-4x4-easy-seed-201,futoshiki,4,easy,201,gbfs,3,3.14.3,macOS-26.5.2-arm64-arm-64bit-Mach-O,arm,unknown,/Users/vqd/BTL_AI/.venv/bin/python,solved,0.24208403192460537,132.7470703125,8,8,0,0,1,7,7,8,
futoshiki-4x4-easy-seed-201,futoshiki,4,easy,201,gbfs,4,3.14.3,macOS-26.5.2-arm64-arm-64bit-Mach-O,arm,unknown,/Users/vqd/BTL_AI/.venv/bin/python,solved,0.24866702733561397,132.7470703125,8,8,0,0,1,7,7,8,
futoshiki-4x4-easy-seed-201,futoshiki,4,easy,201,gbfs,5,3.14.3,macOS-26.5.2-arm64-arm-64bit-Mach-O,arm,unknown,/Users/vqd/BTL_AI/.venv/bin/python,solved,0.2470840117894113,132.7470703125,8,8,0,0,1,7,7,8,
futoshiki-4x4-easy-seed-201,futoshiki,4,easy,201,gbfs,6,3.14.3,macOS-26.5.2-arm64-arm-64bit-Mach-O,arm,unknown,/Users/vqd/BTL_AI/.venv/bin/python,solved,0.27545797638595104,132.7470703125,8,8,0,0,1,7,7,8,
futoshiki-4x4-easy-seed-201,futoshiki,4,easy,201,gbfs,7,3.14.3,macOS-26.5.2-arm64-arm-64bit-Mach-O,arm,unknown,/Users/vqd/BTL_AI/.venv/bin/python,solved,0.24145800853148103,132.7470703125,8,8,0,0,1,7,7,8,
futoshiki-4x4-easy-seed-201,futoshiki,4,easy,201,gbfs,8,3.14.3,macOS-26.5.2-arm64-arm-64bit-Mach-O,arm,unknown,/Users/vqd/BTL_AI/.venv/bin/python,solved,0.2423750120215118,132.7470703125,8,8,0,0,1,7,7,8,
futoshiki-4x4-easy-seed-201,futoshiki,4,easy,201,gbfs,9,3.14.3,macOS-26.5.2-arm64-arm-64bit-Mach-O,arm,unknown,/Users/vqd/BTL_AI/.venv/bin/python,solved,0.24924997705966234,132.7470703125,8,8,0,0,1,7,7,8,
futoshiki-4x4-easy-seed-201,futoshiki,4,easy,201,gbfs,10,3.14.3,macOS-26.5.2-arm64-arm-64bit-Mach-O,arm,unknown,/Users/vqd/BTL_AI/.venv/bin/python,solved,0.2514579682610929,132.7470703125,8,8,0,0,1,7,7,8,
pipes-3x3-easy-seed-102,pipes,3x3,easy,102,dfs,1,3.14.3,macOS-26.5.2-arm64-arm-64bit-Mach-O,arm,unknown,/Users/vqd/BTL_AI/.venv/bin/python,solved,1.3315000105649233,131.0634765625,10,10,0,0,1,9,9,0,
pipes-3x3-easy-seed-102,pipes,3x3,easy,102,dfs,2,3.14.3,macOS-26.5.2-arm64-arm-64bit-Mach-O,arm,unknown,/Users/vqd/BTL_AI/.venv/bin/python,solved,1.3314160169102252,131.0634765625,10,10,0,0,1,9,9,0,
pipes-3x3-easy-seed-102,pipes,3x3,easy,102,dfs,3,3.14.3,macOS-26.5.2-arm64-arm-64bit-Mach-O,arm,unknown,/Users/vqd/BTL_AI/.venv/bin/python,solved,1.354500011075288,131.0634765625,10,10,0,0,1,9,9,0,
pipes-3x3-easy-seed-102,pipes,3x3,easy,102,dfs,4,3.14.3,macOS-26.5.2-arm64-arm-64bit-Mach-O,arm,unknown,/Users/vqd/BTL_AI/.venv/bin/python,solved,1.364208001177758,131.0634765625,10,10,0,0,1,9,9,0,
pipes-3x3-easy-seed-102,pipes,3x3,easy,102,dfs,5,3.14.3,macOS-26.5.2-arm64-arm-64bit-Mach-O,arm,unknown,/Users/vqd/BTL_AI/.venv/bin/python,solved,1.347250014077872,131.0634765625,10,10,0,0,1,9,9,0,
pipes-3x3-easy-seed-102,pipes,3x3,easy,102,dfs,6,3.14.3,macOS-26.5.2-arm64-arm-64bit-Mach-O,arm,unknown,/Users/vqd/BTL_AI/.venv/bin/python,solved,1.3653330388478935,131.0634765625,10,10,0,0,1,9,9,0,
pipes-3x3-easy-seed-102,pipes,3x3,easy,102,dfs,7,3.14.3,macOS-26.5.2-arm64-arm-64bit-Mach-O,arm,unknown,/Users/vqd/BTL_AI/.venv/bin/python,solved,1.3629170134663582,131.0634765625,10,10,0,0,1,9,9,0,
pipes-3x3-easy-seed-102,pipes,3x3,easy,102,dfs,8,3.14.3,macOS-26.5.2-arm64-arm-64bit-Mach-O,arm,unknown,/Users/vqd/BTL_AI/.venv/bin/python,solved,1.3394580455496907,131.0634765625,10,10,0,0,1,9,9,0,
pipes-3x3-easy-seed-102,pipes,3x3,easy,102,dfs,9,3.14.3,macOS-26.5.2-arm64-arm-64bit-Mach-O,arm,unknown,/Users/vqd/BTL_AI/.venv/bin/python,solved,1.3606660068035126,131.0634765625,10,10,0,0,1,9,9,0,
pipes-3x3-easy-seed-102,pipes,3x3,easy,102,dfs,10,3.14.3,macOS-26.5.2-arm64-arm-64bit-Mach-O,arm,unknown,/Users/vqd/BTL_AI/.venv/bin/python,solved,1.35404197499156,131.0634765625,10,10,0,0,1,9,9,0,
pipes-3x3-easy-seed-102,pipes,3x3,easy,102,gbfs,1,3.14.3,macOS-26.5.2-arm64-arm-64bit-Mach-O,arm,unknown,/Users/vqd/BTL_AI/.venv/bin/python,solved,1.6549169667996466,131.0634765625,10,10,0,0,1,9,9,10,
pipes-3x3-easy-seed-102,pipes,3x3,easy,102,gbfs,2,3.14.3,macOS-26.5.2-arm64-arm-64bit-Mach-O,arm,unknown,/Users/vqd/BTL_AI/.venv/bin/python,solved,1.6614579944871366,131.0634765625,10,10,0,0,1,9,9,10,
pipes-3x3-easy-seed-102,pipes,3x3,easy,102,gbfs,3,3.14.3,macOS-26.5.2-arm64-arm-64bit-Mach-O,arm,unknown,/Users/vqd/BTL_AI/.venv/bin/python,solved,1.6802920144982636,131.0634765625,10,10,0,0,1,9,9,10,
pipes-3x3-easy-seed-102,pipes,3x3,easy,102,gbfs,4,3.14.3,macOS-26.5.2-arm64-arm-64bit-Mach-O,arm,unknown,/Users/vqd/BTL_AI/.venv/bin/python,solved,1.609249971807003,131.0634765625,10,10,0,0,1,9,9,10,
pipes-3x3-easy-seed-102,pipes,3x3,easy,102,gbfs,5,3.14.3,macOS-26.5.2-arm64-arm-64bit-Mach-O,arm,unknown,/Users/vqd/BTL_AI/.venv/bin/python,solved,1.6849999665282667,131.0634765625,10,10,0,0,1,9,9,10,
pipes-3x3-easy-seed-102,pipes,3x3,easy,102,gbfs,6,3.14.3,macOS-26.5.2-arm64-arm-64bit-Mach-O,arm,unknown,/Users/vqd/BTL_AI/.venv/bin/python,solved,1.6122499946504831,131.0634765625,10,10,0,0,1,9,9,10,
pipes-3x3-easy-seed-102,pipes,3x3,easy,102,gbfs,7,3.14.3,macOS-26.5.2-arm64-arm-64bit-Mach-O,arm,unknown,/Users/vqd/BTL_AI/.venv/bin/python,solved,1.649875019211322,131.0634765625,10,10,0,0,1,9,9,10,
pipes-3x3-easy-seed-102,pipes,3x3,easy,102,gbfs,8,3.14.3,macOS-26.5.2-arm64-arm-64bit-Mach-O,arm,unknown,/Users/vqd/BTL_AI/.venv/bin/python,solved,1.670041005127132,131.0634765625,10,10,0,0,1,9,9,10,
pipes-3x3-easy-seed-102,pipes,3x3,easy,102,gbfs,9,3.14.3,macOS-26.5.2-arm64-arm-64bit-Mach-O,arm,unknown,/Users/vqd/BTL_AI/.venv/bin/python,solved,1.6267919563688338,131.0634765625,10,10,0,0,1,9,9,10,
pipes-3x3-easy-seed-102,pipes,3x3,easy,102,gbfs,10,3.14.3,macOS-26.5.2-arm64-arm-64bit-Mach-O,arm,unknown,/Users/vqd/BTL_AI/.venv/bin/python,solved,1.6022500349208713,131.0634765625,10,10,0,0,1,9,9,10,
futoshiki-4x4-easy-seed-202,futoshiki,4,easy,202,dfs,1,3.14.3,macOS-26.5.2-arm64-arm-64bit-Mach-O,arm,unknown,/Users/vqd/BTL_AI/.venv/bin/python,solved,0.16683299327269197,132.7470703125,8,8,0,0,1,7,7,0,
futoshiki-4x4-easy-seed-202,futoshiki,4,easy,202,dfs,2,3.14.3,macOS-26.5.2-arm64-arm-64bit-Mach-O,arm,unknown,/Users/vqd/BTL_AI/.venv/bin/python,solved,0.16754097305238247,132.7470703125,8,8,0,0,1,7,7,0,
futoshiki-4x4-easy-seed-202,futoshiki,4,easy,202,dfs,3,3.14.3,macOS-26.5.2-arm64-arm-64bit-Mach-O,arm,unknown,/Users/vqd/BTL_AI/.venv/bin/python,solved,0.1639170222915709,132.7470703125,8,8,0,0,1,7,7,0,
futoshiki-4x4-easy-seed-202,futoshiki,4,easy,202,dfs,4,3.14.3,macOS-26.5.2-arm64-arm-64bit-Mach-O,arm,unknown,/Users/vqd/BTL_AI/.venv/bin/python,solved,0.17366703832522035,132.7470703125,8,8,0,0,1,7,7,0,
futoshiki-4x4-easy-seed-202,futoshiki,4,easy,202,dfs,5,3.14.3,macOS-26.5.2-arm64-arm-64bit-Mach-O,arm,unknown,/Users/vqd/BTL_AI/.venv/bin/python,solved,0.20225002663210034,132.7470703125,8,8,0,0,1,7,7,0,
futoshiki-4x4-easy-seed-202,futoshiki,4,easy,202,dfs,6,3.14.3,macOS-26.5.2-arm64-arm-64bit-Mach-O,arm,unknown,/Users/vqd/BTL_AI/.venv/bin/python,solved,0.18229096895083785,132.7470703125,8,8,0,0,1,7,7,0,
futoshiki-4x4-easy-seed-202,futoshiki,4,easy,202,dfs,7,3.14.3,macOS-26.5.2-arm64-arm-64bit-Mach-O,arm,unknown,/Users/vqd/BTL_AI/.venv/bin/python,solved,0.16220903489738703,132.7470703125,8,8,0,0,1,7,7,0,
futoshiki-4x4-easy-seed-202,futoshiki,4,easy,202,dfs,8,3.14.3,macOS-26.5.2-arm64-arm-64bit-Mach-O,arm,unknown,/Users/vqd/BTL_AI/.venv/bin/python,solved,0.16479101032018661,132.7470703125,8,8,0,0,1,7,7,0,
futoshiki-4x4-easy-seed-202,futoshiki,4,easy,202,dfs,9,3.14.3,macOS-26.5.2-arm64-arm-64bit-Mach-O,arm,unknown,/Users/vqd/BTL_AI/.venv/bin/python,solved,0.1659160479903221,132.7470703125,8,8,0,0,1,7,7,0,
futoshiki-4x4-easy-seed-202,futoshiki,4,easy,202,dfs,10,3.14.3,macOS-26.5.2-arm64-arm-64bit-Mach-O,arm,unknown,/Users/vqd/BTL_AI/.venv/bin/python,solved,0.1645000302232802,132.7470703125,8,8,0,0,1,7,7,0,
futoshiki-4x4-easy-seed-202,futoshiki,4,easy,202,gbfs,1,3.14.3,macOS-26.5.2-arm64-arm-64bit-Mach-O,arm,unknown,/Users/vqd/BTL_AI/.venv/bin/python,solved,0.3524170024320483,132.7470703125,8,8,0,0,1,7,7,8,
futoshiki-4x4-easy-seed-202,futoshiki,4,easy,202,gbfs,2,3.14.3,macOS-26.5.2-arm64-arm-64bit-Mach-O,arm,unknown,/Users/vqd/BTL_AI/.venv/bin/python,solved,0.3547919914126396,132.7470703125,8,8,0,0,1,7,7,8,
futoshiki-4x4-easy-seed-202,futoshiki,4,easy,202,gbfs,3,3.14.3,macOS-26.5.2-arm64-arm-64bit-Mach-O,arm,unknown,/Users/vqd/BTL_AI/.venv/bin/python,solved,0.35429198760539293,132.7470703125,8,8,0,0,1,7,7,8,
futoshiki-4x4-easy-seed-202,futoshiki,4,easy,202,gbfs,4,3.14.3,macOS-26.5.2-arm64-arm-64bit-Mach-O,arm,unknown,/Users/vqd/BTL_AI/.venv/bin/python,solved,0.3522919723764062,132.7470703125,8,8,0,0,1,7,7,8,
futoshiki-4x4-easy-seed-202,futoshiki,4,easy,202,gbfs,5,3.14.3,macOS-26.5.2-arm64-arm-64bit-Mach-O,arm,unknown,/Users/vqd/BTL_AI/.venv/bin/python,solved,0.34708296880126,132.7470703125,8,8,0,0,1,7,7,8,
futoshiki-4x4-easy-seed-202,futoshiki,4,easy,202,gbfs,6,3.14.3,macOS-26.5.2-arm64-arm-64bit-Mach-O,arm,unknown,/Users/vqd/BTL_AI/.venv/bin/python,solved,0.3554999711923301,132.7470703125,8,8,0,0,1,7,7,8,
futoshiki-4x4-easy-seed-202,futoshiki,4,easy,202,gbfs,7,3.14.3,macOS-26.5.2-arm64-arm-64bit-Mach-O,arm,unknown,/Users/vqd/BTL_AI/.venv/bin/python,solved,0.3474170225672424,132.7470703125,8,8,0,0,1,7,7,8,
futoshiki-4x4-easy-seed-202,futoshiki,4,easy,202,gbfs,8,3.14.3,macOS-26.5.2-arm64-arm-64bit-Mach-O,arm,unknown,/Users/vqd/BTL_AI/.venv/bin/python,solved,0.3475829726085067,132.7470703125,8,8,0,0,1,7,7,8,
futoshiki-4x4-easy-seed-202,futoshiki,4,easy,202,gbfs,9,3.14.3,macOS-26.5.2-arm64-arm-64bit-Mach-O,arm,unknown,/Users/vqd/BTL_AI/.venv/bin/python,solved,0.34324999433010817,132.7470703125,8,8,0,0,1,7,7,8,
futoshiki-4x4-easy-seed-202,futoshiki,4,easy,202,gbfs,10,3.14.3,macOS-26.5.2-arm64-arm-64bit-Mach-O,arm,unknown,/Users/vqd/BTL_AI/.venv/bin/python,solved,0.36616699071601033,132.7470703125,8,8,0,0,1,7,7,8,
pipes-3x3-easy-seed-103,pipes,3x3,easy,103,dfs,1,3.14.3,macOS-26.5.2-arm64-arm-64bit-Mach-O,arm,unknown,/Users/vqd/BTL_AI/.venv/bin/python,solved,1.3315000105649233,131.0634765625,10,10,0,0,1,9,9,0,
pipes-3x3-easy-seed-103,pipes,3x3,easy,103,dfs,2,3.14.3,macOS-26.5.2-arm64-arm-64bit-Mach-O,arm,unknown,/Users/vqd/BTL_AI/.venv/bin/python,solved,1.3378749717958272,131.0634765625,10,10,0,0,1,9,9,0,
pipes-3x3-easy-seed-103,pipes,3x3,easy,103,dfs,3,3.14.3,macOS-26.5.2-arm64-arm-64bit-Mach-O,arm,unknown,/Users/vqd/BTL_AI/.venv/bin/python,solved,1.3197079533711076,131.0634765625,10,10,0,0,1,9,9,0,
pipes-3x3-easy-seed-103,pipes,3x3,easy,103,dfs,4,3.14.3,macOS-26.5.2-arm64-arm-64bit-Mach-O,arm,unknown,/Users/vqd/BTL_AI/.venv/bin/python,solved,1.3310419744811952,131.0634765625,10,10,0,0,1,9,9,0,
pipes-3x3-easy-seed-103,pipes,3x3,easy,103,dfs,5,3.14.3,macOS-26.5.2-arm64-arm-64bit-Mach-O,arm,unknown,/Users/vqd/BTL_AI/.venv/bin/python,solved,1.317207992542535,131.0634765625,10,10,0,0,1,9,9,0,
pipes-3x3-easy-seed-103,pipes,3x3,easy,103,dfs,6,3.14.3,macOS-26.5.2-arm64-arm-64bit-Mach-O,arm,unknown,/Users/vqd/BTL_AI/.venv/bin/python,solved,1.3867919915355742,131.0634765625,10,10,0,0,1,9,9,0,
pipes-3x3-easy-seed-103,pipes,3x3,easy,103,dfs,7,3.14.3,macOS-26.5.2-arm64-arm-64bit-Mach-O,arm,unknown,/Users/vqd/BTL_AI/.venv/bin/python,solved,1.3367499923333526,131.0634765625,10,10,0,0,1,9,9,0,
pipes-3x3-easy-seed-103,pipes,3x3,easy,103,dfs,8,3.14.3,macOS-26.5.2-arm64-arm-64bit-Mach-O,arm,unknown,/Users/vqd/BTL_AI/.venv/bin/python,solved,1.3292920193634927,131.0634765625,10,10,0,0,1,9,9,0,
pipes-3x3-easy-seed-103,pipes,3x3,easy,103,dfs,9,3.14.3,macOS-26.5.2-arm64-arm-64bit-Mach-O,arm,unknown,/Users/vqd/BTL_AI/.venv/bin/python,solved,1.339541980996728,131.0634765625,10,10,0,0,1,9,9,0,
pipes-3x3-easy-seed-103,pipes,3x3,easy,103,dfs,10,3.14.3,macOS-26.5.2-arm64-arm-64bit-Mach-O,arm,unknown,/Users/vqd/BTL_AI/.venv/bin/python,solved,1.3387500075623393,131.0634765625,10,10,0,0,1,9,9,0,
pipes-3x3-easy-seed-103,pipes,3x3,easy,103,gbfs,1,3.14.3,macOS-26.5.2-arm64-arm-64bit-Mach-O,arm,unknown,/Users/vqd/BTL_AI/.venv/bin/python,solved,1.642499992158264,131.0634765625,10,10,0,0,1,9,9,10,
pipes-3x3-easy-seed-103,pipes,3x3,easy,103,gbfs,2,3.14.3,macOS-26.5.2-arm64-arm-64bit-Mach-O,arm,unknown,/Users/vqd/BTL_AI/.venv/bin/python,solved,1.6147090354934335,131.0634765625,10,10,0,0,1,9,9,10,
pipes-3x3-easy-seed-103,pipes,3x3,easy,103,gbfs,3,3.14.3,macOS-26.5.2-arm64-arm-64bit-Mach-O,arm,unknown,/Users/vqd/BTL_AI/.venv/bin/python,solved,1.6140000079758465,131.0634765625,10,10,0,0,1,9,9,10,
pipes-3x3-easy-seed-103,pipes,3x3,easy,103,gbfs,4,3.14.3,macOS-26.5.2-arm64-arm-64bit-Mach-O,arm,unknown,/Users/vqd/BTL_AI/.venv/bin/python,solved,1.6148329596035182,131.0634765625,10,10,0,0,1,9,9,10,
pipes-3x3-easy-seed-103,pipes,3x3,easy,103,gbfs,5,3.14.3,macOS-26.5.2-arm64-arm-64bit-Mach-O,arm,unknown,/Users/vqd/BTL_AI/.venv/bin/python,solved,1.5900409780442715,131.0634765625,10,10,0,0,1,9,9,10,
pipes-3x3-easy-seed-103,pipes,3x3,easy,103,gbfs,6,3.14.3,macOS-26.5.2-arm64-arm-64bit-Mach-O,arm,unknown,/Users/vqd/BTL_AI/.venv/bin/python,solved,1.601208990905434,131.0634765625,10,10,0,0,1,9,9,10,
pipes-3x3-easy-seed-103,pipes,3x3,easy,103,gbfs,7,3.14.3,macOS-26.5.2-arm64-arm-64bit-Mach-O,arm,unknown,/Users/vqd/BTL_AI/.venv/bin/python,solved,1.6126249684020877,131.0634765625,10,10,0,0,1,9,9,10,
pipes-3x3-easy-seed-103,pipes,3x3,easy,103,gbfs,8,3.14.3,macOS-26.5.2-arm64-arm-64bit-Mach-O,arm,unknown,/Users/vqd/BTL_AI/.venv/bin/python,solved,1.6158749931491911,131.0634765625,10,10,0,0,1,9,9,10,
pipes-3x3-easy-seed-103,pipes,3x3,easy,103,gbfs,9,3.14.3,macOS-26.5.2-arm64-arm-64bit-Mach-O,arm,unknown,/Users/vqd/BTL_AI/.venv/bin/python,solved,1.62695802282542,131.0634765625,10,10,0,0,1,9,9,10,
pipes-3x3-easy-seed-103,pipes,3x3,easy,103,gbfs,10,3.14.3,macOS-26.5.2-arm64-arm-64bit-Mach-O,arm,unknown,/Users/vqd/BTL_AI/.venv/bin/python,solved,1.601249969098717,131.0634765625,10,10,0,0,1,9,9,10,
futoshiki-4x4-easy-seed-203,futoshiki,4,easy,203,dfs,1,3.14.3,macOS-26.5.2-arm64-arm-64bit-Mach-O,arm,unknown,/Users/vqd/BTL_AI/.venv/bin/python,solved,0.14741701306775212,132.7470703125,8,8,0,0,1,7,7,0,
futoshiki-4x4-easy-seed-203,futoshiki,4,easy,203,dfs,2,3.14.3,macOS-26.5.2-arm64-arm-64bit-Mach-O,arm,unknown,/Users/vqd/BTL_AI/.venv/bin/python,solved,0.16954197781160474,132.7470703125,8,8,0,0,1,7,7,0,
futoshiki-4x4-easy-seed-203,futoshiki,4,easy,203,dfs,3,3.14.3,macOS-26.5.2-arm64-arm-64bit-Mach-O,arm,unknown,/Users/vqd/BTL_AI/.venv/bin/python,solved,0.1443749642930925,132.7470703125,8,8,0,0,1,7,7,0,
futoshiki-4x4-easy-seed-203,futoshiki,4,easy,203,dfs,4,3.14.3,macOS-26.5.2-arm64-arm-64bit-Mach-O,arm,unknown,/Users/vqd/BTL_AI/.venv/bin/python,solved,0.15683297533541918,132.7470703125,8,8,0,0,1,7,7,0,
futoshiki-4x4-easy-seed-203,futoshiki,4,easy,203,dfs,5,3.14.3,macOS-26.5.2-arm64-arm-64bit-Mach-O,arm,unknown,/Users/vqd/BTL_AI/.venv/bin/python,solved,0.1474579912610352,132.7470703125,8,8,0,0,1,7,7,0,
futoshiki-4x4-easy-seed-203,futoshiki,4,easy,203,dfs,6,3.14.3,macOS-26.5.2-arm64-arm-64bit-Mach-O,arm,unknown,/Users/vqd/BTL_AI/.venv/bin/python,solved,0.1472920412197709,132.7470703125,8,8,0,0,1,7,7,0,
futoshiki-4x4-easy-seed-203,futoshiki,4,easy,203,dfs,7,3.14.3,macOS-26.5.2-arm64-arm-64bit-Mach-O,arm,unknown,/Users/vqd/BTL_AI/.venv/bin/python,solved,0.15204102965071797,132.7470703125,8,8,0,0,1,7,7,0,
futoshiki-4x4-easy-seed-203,futoshiki,4,easy,203,dfs,8,3.14.3,macOS-26.5.2-arm64-arm-64bit-Mach-O,arm,unknown,/Users/vqd/BTL_AI/.venv/bin/python,solved,0.15999999595806003,132.7470703125,8,8,0,0,1,7,7,0,
futoshiki-4x4-easy-seed-203,futoshiki,4,easy,203,dfs,9,3.14.3,macOS-26.5.2-arm64-arm-64bit-Mach-O,arm,unknown,/Users/vqd/BTL_AI/.venv/bin/python,solved,0.15104201156646013,132.7470703125,8,8,0,0,1,7,7,0,
futoshiki-4x4-easy-seed-203,futoshiki,4,easy,203,dfs,10,3.14.3,macOS-26.5.2-arm64-arm-64bit-Mach-O,arm,unknown,/Users/vqd/BTL_AI/.venv/bin/python,solved,0.15866704052314162,132.7470703125,8,8,0,0,1,7,7,0,
futoshiki-4x4-easy-seed-203,futoshiki,4,easy,203,gbfs,1,3.14.3,macOS-26.5.2-arm64-arm-64bit-Mach-O,arm,unknown,/Users/vqd/BTL_AI/.venv/bin/python,solved,0.24287495762109756,132.7470703125,8,8,0,0,1,7,7,8,
futoshiki-4x4-easy-seed-203,futoshiki,4,easy,203,gbfs,2,3.14.3,macOS-26.5.2-arm64-arm-64bit-Mach-O,arm,unknown,/Users/vqd/BTL_AI/.venv/bin/python,solved,0.23337500169873238,132.7470703125,8,8,0,0,1,7,7,8,
futoshiki-4x4-easy-seed-203,futoshiki,4,easy,203,gbfs,3,3.14.3,macOS-26.5.2-arm64-arm-64bit-Mach-O,arm,unknown,/Users/vqd/BTL_AI/.venv/bin/python,solved,0.24887500330805779,132.7470703125,8,8,0,0,1,7,7,8,
futoshiki-4x4-easy-seed-203,futoshiki,4,easy,203,gbfs,4,3.14.3,macOS-26.5.2-arm64-arm-64bit-Mach-O,arm,unknown,/Users/vqd/BTL_AI/.venv/bin/python,solved,0.2401249948889017,132.7470703125,8,8,0,0,1,7,7,8,
futoshiki-4x4-easy-seed-203,futoshiki,4,easy,203,gbfs,5,3.14.3,macOS-26.5.2-arm64-arm-64bit-Mach-O,arm,unknown,/Users/vqd/BTL_AI/.venv/bin/python,solved,0.2429169835522771,132.7470703125,8,8,0,0,1,7,7,8,
futoshiki-4x4-easy-seed-203,futoshiki,4,easy,203,gbfs,6,3.14.3,macOS-26.5.2-arm64-arm-64bit-Mach-O,arm,unknown,/Users/vqd/BTL_AI/.venv/bin/python,solved,0.23229100042954087,132.7470703125,8,8,0,0,1,7,7,8,
futoshiki-4x4-easy-seed-203,futoshiki,4,easy,203,gbfs,7,3.14.3,macOS-26.5.2-arm64-arm-64bit-Mach-O,arm,unknown,/Users/vqd/BTL_AI/.venv/bin/python,solved,0.23125001462176442,132.7470703125,8,8,0,0,1,7,7,8,
futoshiki-4x4-easy-seed-203,futoshiki,4,easy,203,gbfs,8,3.14.3,macOS-26.5.2-arm64-arm-64bit-Mach-O,arm,unknown,/Users/vqd/BTL_AI/.venv/bin/python,solved,0.24649995611980557,132.7470703125,8,8,0,0,1,7,7,8,
futoshiki-4x4-easy-seed-203,futoshiki,4,easy,203,gbfs,9,3.14.3,macOS-26.5.2-arm64-arm-64bit-Mach-O,arm,unknown,/Users/vqd/BTL_AI/.venv/bin/python,solved,0.23345905356109142,132.7470703125,8,8,0,0,1,7,7,8,
futoshiki-4x4-easy-seed-203,futoshiki,4,easy,203,gbfs,10,3.14.3,macOS-26.5.2-arm64-arm-64bit-Mach-O,arm,unknown,/Users/vqd/BTL_AI/.venv/bin/python,solved,0.23599999258294702,132.7470703125,8,8,0,0,1,7,7,8,
pipes-4x4-medium-seed-201,pipes,4x4,medium,201,dfs,1,3.14.3,macOS-26.5.2-arm64-arm-64bit-Mach-O,arm,unknown,/Users/vqd/BTL_AI/.venv/bin/python,solved,4.206040990538895,131.4794921875,17,17,0,0,1,16,16,0,
pipes-4x4-medium-seed-201,pipes,4x4,medium,201,dfs,2,3.14.3,macOS-26.5.2-arm64-arm-64bit-Mach-O,arm,unknown,/Users/vqd/BTL_AI/.venv/bin/python,solved,4.2910409974865615,131.4794921875,17,17,0,0,1,16,16,0,
pipes-4x4-medium-seed-201,pipes,4x4,medium,201,dfs,3,3.14.3,macOS-26.5.2-arm64-arm-64bit-Mach-O,arm,unknown,/Users/vqd/BTL_AI/.venv/bin/python,solved,4.266167001333088,131.4794921875,17,17,0,0,1,16,16,0,
pipes-4x4-medium-seed-201,pipes,4x4,medium,201,dfs,4,3.14.3,macOS-26.5.2-arm64-arm-64bit-Mach-O,arm,unknown,/Users/vqd/BTL_AI/.venv/bin/python,solved,4.318209015764296,131.4794921875,17,17,0,0,1,16,16,0,
pipes-4x4-medium-seed-201,pipes,4x4,medium,201,dfs,5,3.14.3,macOS-26.5.2-arm64-arm-64bit-Mach-O,arm,unknown,/Users/vqd/BTL_AI/.venv/bin/python,solved,4.282457986846566,131.4794921875,17,17,0,0,1,16,16,0,
pipes-4x4-medium-seed-201,pipes,4x4,medium,201,dfs,6,3.14.3,macOS-26.5.2-arm64-arm-64bit-Mach-O,arm,unknown,/Users/vqd/BTL_AI/.venv/bin/python,solved,4.332458018325269,131.4794921875,17,17,0,0,1,16,16,0,
pipes-4x4-medium-seed-201,pipes,4x4,medium,201,dfs,7,3.14.3,macOS-26.5.2-arm64-arm-64bit-Mach-O,arm,unknown,/Users/vqd/BTL_AI/.venv/bin/python,solved,4.263042006641626,131.4794921875,17,17,0,0,1,16,16,0,
pipes-4x4-medium-seed-201,pipes,4x4,medium,201,dfs,8,3.14.3,macOS-26.5.2-arm64-arm-64bit-Mach-O,arm,unknown,/Users/vqd/BTL_AI/.venv/bin/python,solved,4.266500007361174,131.4794921875,17,17,0,0,1,16,16,0,
pipes-4x4-medium-seed-201,pipes,4x4,medium,201,dfs,9,3.14.3,macOS-26.5.2-arm64-arm-64bit-Mach-O,arm,unknown,/Users/vqd/BTL_AI/.venv/bin/python,solved,4.2689580004662275,131.4794921875,17,17,0,0,1,16,16,0,
pipes-4x4-medium-seed-201,pipes,4x4,medium,201,dfs,10,3.14.3,macOS-26.5.2-arm64-arm-64bit-Mach-O,arm,unknown,/Users/vqd/BTL_AI/.venv/bin/python,solved,4.308749979827553,131.4794921875,17,17,0,0,1,16,16,0,
pipes-4x4-medium-seed-201,pipes,4x4,medium,201,gbfs,1,3.14.3,macOS-26.5.2-arm64-arm-64bit-Mach-O,arm,unknown,/Users/vqd/BTL_AI/.venv/bin/python,solved,5.039417010266334,131.4794921875,17,17,0,0,1,16,16,17,
pipes-4x4-medium-seed-201,pipes,4x4,medium,201,gbfs,2,3.14.3,macOS-26.5.2-arm64-arm-64bit-Mach-O,arm,unknown,/Users/vqd/BTL_AI/.venv/bin/python,solved,5.034249974414706,131.4794921875,17,17,0,0,1,16,16,17,
pipes-4x4-medium-seed-201,pipes,4x4,medium,201,gbfs,3,3.14.3,macOS-26.5.2-arm64-arm-64bit-Mach-O,arm,unknown,/Users/vqd/BTL_AI/.venv/bin/python,solved,5.167583003640175,131.4794921875,17,17,0,0,1,16,16,17,
pipes-4x4-medium-seed-201,pipes,4x4,medium,201,gbfs,4,3.14.3,macOS-26.5.2-arm64-arm-64bit-Mach-O,arm,unknown,/Users/vqd/BTL_AI/.venv/bin/python,solved,5.048000020906329,131.4794921875,17,17,0,0,1,16,16,17,
pipes-4x4-medium-seed-201,pipes,4x4,medium,201,gbfs,5,3.14.3,macOS-26.5.2-arm64-arm-64bit-Mach-O,arm,unknown,/Users/vqd/BTL_AI/.venv/bin/python,solved,5.055707995779812,131.4794921875,17,17,0,0,1,16,16,17,
pipes-4x4-medium-seed-201,pipes,4x4,medium,201,gbfs,6,3.14.3,macOS-26.5.2-arm64-arm-64bit-Mach-O,arm,unknown,/Users/vqd/BTL_AI/.venv/bin/python,solved,5.056458001490682,131.4794921875,17,17,0,0,1,16,16,17,
pipes-4x4-medium-seed-201,pipes,4x4,medium,201,gbfs,7,3.14.3,macOS-26.5.2-arm64-arm-64bit-Mach-O,arm,unknown,/Users/vqd/BTL_AI/.venv/bin/python,solved,5.29412500327453,131.4794921875,17,17,0,0,1,16,16,17,
pipes-4x4-medium-seed-201,pipes,4x4,medium,201,gbfs,8,3.14.3,macOS-26.5.2-arm64-arm-64bit-Mach-O,arm,unknown,/Users/vqd/BTL_AI/.venv/bin/python,solved,6.297792016994208,131.4794921875,17,17,0,0,1,16,16,17,
pipes-4x4-medium-seed-201,pipes,4x4,medium,201,gbfs,9,3.14.3,macOS-26.5.2-arm64-arm-64bit-Mach-O,arm,unknown,/Users/vqd/BTL_AI/.venv/bin/python,solved,5.6034159497357905,131.4794921875,17,17,0,0,1,16,16,17,
pipes-4x4-medium-seed-201,pipes,4x4,medium,201,gbfs,10,3.14.3,macOS-26.5.2-arm64-arm-64bit-Mach-O,arm,unknown,/Users/vqd/BTL_AI/.venv/bin/python,solved,5.002040998078883,131.4794921875,17,17,0,0,1,16,16,17,
futoshiki-5x5-medium-seed-301,futoshiki,5,medium,301,dfs,1,3.14.3,macOS-26.5.2-arm64-arm-64bit-Mach-O,arm,unknown,/Users/vqd/BTL_AI/.venv/bin/python,solved,0.5149999633431435,133.4169921875,18,16,0,0,3,15,15,0,
futoshiki-5x5-medium-seed-301,futoshiki,5,medium,301,dfs,2,3.14.3,macOS-26.5.2-arm64-arm-64bit-Mach-O,arm,unknown,/Users/vqd/BTL_AI/.venv/bin/python,solved,0.5075829685665667,133.4169921875,18,16,0,0,3,15,15,0,
futoshiki-5x5-medium-seed-301,futoshiki,5,medium,301,dfs,3,3.14.3,macOS-26.5.2-arm64-arm-64bit-Mach-O,arm,unknown,/Users/vqd/BTL_AI/.venv/bin/python,solved,0.5269169923849404,133.4169921875,18,16,0,0,3,15,15,0,
futoshiki-5x5-medium-seed-301,futoshiki,5,medium,301,dfs,4,3.14.3,macOS-26.5.2-arm64-arm-64bit-Mach-O,arm,unknown,/Users/vqd/BTL_AI/.venv/bin/python,solved,0.76224998338148,133.4169921875,18,16,0,0,3,15,15,0,
futoshiki-5x5-medium-seed-301,futoshiki,5,medium,301,dfs,5,3.14.3,macOS-26.5.2-arm64-arm-64bit-Mach-O,arm,unknown,/Users/vqd/BTL_AI/.venv/bin/python,solved,0.5281670019030571,133.4169921875,18,16,0,0,3,15,15,0,
futoshiki-5x5-medium-seed-301,futoshiki,5,medium,301,dfs,6,3.14.3,macOS-26.5.2-arm64-arm-64bit-Mach-O,arm,unknown,/Users/vqd/BTL_AI/.venv/bin/python,solved,0.5330420099198818,133.4169921875,18,16,0,0,3,15,15,0,
futoshiki-5x5-medium-seed-301,futoshiki,5,medium,301,dfs,7,3.14.3,macOS-26.5.2-arm64-arm-64bit-Mach-O,arm,unknown,/Users/vqd/BTL_AI/.venv/bin/python,solved,0.5282500060275197,133.4169921875,18,16,0,0,3,15,15,0,
futoshiki-5x5-medium-seed-301,futoshiki,5,medium,301,dfs,8,3.14.3,macOS-26.5.2-arm64-arm-64bit-Mach-O,arm,unknown,/Users/vqd/BTL_AI/.venv/bin/python,solved,0.52845902973786,133.4169921875,18,16,0,0,3,15,15,0,
futoshiki-5x5-medium-seed-301,futoshiki,5,medium,301,dfs,9,3.14.3,macOS-26.5.2-arm64-arm-64bit-Mach-O,arm,unknown,/Users/vqd/BTL_AI/.venv/bin/python,solved,0.543624977581203,133.4169921875,18,16,0,0,3,15,15,0,
futoshiki-5x5-medium-seed-301,futoshiki,5,medium,301,dfs,10,3.14.3,macOS-26.5.2-arm64-arm-64bit-Mach-O,arm,unknown,/Users/vqd/BTL_AI/.venv/bin/python,solved,0.5219170125201344,133.4169921875,18,16,0,0,3,15,15,0,
futoshiki-5x5-medium-seed-301,futoshiki,5,medium,301,gbfs,1,3.14.3,macOS-26.5.2-arm64-arm-64bit-Mach-O,arm,unknown,/Users/vqd/BTL_AI/.venv/bin/python,solved,1.5927500207908452,133.4169921875,24,24,2,0,3,15,15,24,
futoshiki-5x5-medium-seed-301,futoshiki,5,medium,301,gbfs,2,3.14.3,macOS-26.5.2-arm64-arm-64bit-Mach-O,arm,unknown,/Users/vqd/BTL_AI/.venv/bin/python,solved,1.5858340193517506,133.4169921875,24,24,2,0,3,15,15,24,
futoshiki-5x5-medium-seed-301,futoshiki,5,medium,301,gbfs,3,3.14.3,macOS-26.5.2-arm64-arm-64bit-Mach-O,arm,unknown,/Users/vqd/BTL_AI/.venv/bin/python,solved,1.6194999916478992,133.4169921875,24,24,2,0,3,15,15,24,
futoshiki-5x5-medium-seed-301,futoshiki,5,medium,301,gbfs,4,3.14.3,macOS-26.5.2-arm64-arm-64bit-Mach-O,arm,unknown,/Users/vqd/BTL_AI/.venv/bin/python,solved,1.5618339530192316,133.4169921875,24,24,2,0,3,15,15,24,
futoshiki-5x5-medium-seed-301,futoshiki,5,medium,301,gbfs,5,3.14.3,macOS-26.5.2-arm64-arm-64bit-Mach-O,arm,unknown,/Users/vqd/BTL_AI/.venv/bin/python,solved,1.6243749996647239,133.4169921875,24,24,2,0,3,15,15,24,
futoshiki-5x5-medium-seed-301,futoshiki,5,medium,301,gbfs,6,3.14.3,macOS-26.5.2-arm64-arm-64bit-Mach-O,arm,unknown,/Users/vqd/BTL_AI/.venv/bin/python,solved,1.574499998241663,133.4169921875,24,24,2,0,3,15,15,24,
futoshiki-5x5-medium-seed-301,futoshiki,5,medium,301,gbfs,7,3.14.3,macOS-26.5.2-arm64-arm-64bit-Mach-O,arm,unknown,/Users/vqd/BTL_AI/.venv/bin/python,solved,1.590791973285377,133.4169921875,24,24,2,0,3,15,15,24,
futoshiki-5x5-medium-seed-301,futoshiki,5,medium,301,gbfs,8,3.14.3,macOS-26.5.2-arm64-arm-64bit-Mach-O,arm,unknown,/Users/vqd/BTL_AI/.venv/bin/python,solved,1.6120830550789833,133.4169921875,24,24,2,0,3,15,15,24,
futoshiki-5x5-medium-seed-301,futoshiki,5,medium,301,gbfs,9,3.14.3,macOS-26.5.2-arm64-arm-64bit-Mach-O,arm,unknown,/Users/vqd/BTL_AI/.venv/bin/python,solved,1.6076249885372818,133.4169921875,24,24,2,0,3,15,15,24,
futoshiki-5x5-medium-seed-301,futoshiki,5,medium,301,gbfs,10,3.14.3,macOS-26.5.2-arm64-arm-64bit-Mach-O,arm,unknown,/Users/vqd/BTL_AI/.venv/bin/python,solved,1.5742919640615582,133.4169921875,24,24,2,0,3,15,15,24,
pipes-4x4-medium-seed-202,pipes,4x4,medium,202,dfs,1,3.14.3,macOS-26.5.2-arm64-arm-64bit-Mach-O,arm,unknown,/Users/vqd/BTL_AI/.venv/bin/python,solved,4.494916007388383,131.4755859375,17,17,0,0,1,16,16,0,
pipes-4x4-medium-seed-202,pipes,4x4,medium,202,dfs,2,3.14.3,macOS-26.5.2-arm64-arm-64bit-Mach-O,arm,unknown,/Users/vqd/BTL_AI/.venv/bin/python,solved,4.480332951061428,131.4755859375,17,17,0,0,1,16,16,0,
pipes-4x4-medium-seed-202,pipes,4x4,medium,202,dfs,3,3.14.3,macOS-26.5.2-arm64-arm-64bit-Mach-O,arm,unknown,/Users/vqd/BTL_AI/.venv/bin/python,solved,4.472792032174766,131.4755859375,17,17,0,0,1,16,16,0,
pipes-4x4-medium-seed-202,pipes,4x4,medium,202,dfs,4,3.14.3,macOS-26.5.2-arm64-arm-64bit-Mach-O,arm,unknown,/Users/vqd/BTL_AI/.venv/bin/python,solved,4.527042037807405,131.4755859375,17,17,0,0,1,16,16,0,
pipes-4x4-medium-seed-202,pipes,4x4,medium,202,dfs,5,3.14.3,macOS-26.5.2-arm64-arm-64bit-Mach-O,arm,unknown,/Users/vqd/BTL_AI/.venv/bin/python,solved,4.512707993853837,131.4755859375,17,17,0,0,1,16,16,0,
pipes-4x4-medium-seed-202,pipes,4x4,medium,202,dfs,6,3.14.3,macOS-26.5.2-arm64-arm-64bit-Mach-O,arm,unknown,/Users/vqd/BTL_AI/.venv/bin/python,solved,4.492708016186953,131.4755859375,17,17,0,0,1,16,16,0,
pipes-4x4-medium-seed-202,pipes,4x4,medium,202,dfs,7,3.14.3,macOS-26.5.2-arm64-arm-64bit-Mach-O,arm,unknown,/Users/vqd/BTL_AI/.venv/bin/python,solved,4.5277089811861515,131.4755859375,17,17,0,0,1,16,16,0,
pipes-4x4-medium-seed-202,pipes,4x4,medium,202,dfs,8,3.14.3,macOS-26.5.2-arm64-arm-64bit-Mach-O,arm,unknown,/Users/vqd/BTL_AI/.venv/bin/python,solved,4.540959023870528,131.4755859375,17,17,0,0,1,16,16,0,
pipes-4x4-medium-seed-202,pipes,4x4,medium,202,dfs,9,3.14.3,macOS-26.5.2-arm64-arm-64bit-Mach-O,arm,unknown,/Users/vqd/BTL_AI/.venv/bin/python,solved,4.540166992228478,131.4755859375,17,17,0,0,1,16,16,0,
pipes-4x4-medium-seed-202,pipes,4x4,medium,202,dfs,10,3.14.3,macOS-26.5.2-arm64-arm-64bit-Mach-O,arm,unknown,/Users/vqd/BTL_AI/.venv/bin/python,solved,4.478874965570867,131.4755859375,17,17,0,0,1,16,16,0,
pipes-4x4-medium-seed-202,pipes,4x4,medium,202,gbfs,1,3.14.3,macOS-26.5.2-arm64-arm-64bit-Mach-O,arm,unknown,/Users/vqd/BTL_AI/.venv/bin/python,solved,5.351875035557896,131.4755859375,17,17,0,0,1,16,16,17,
pipes-4x4-medium-seed-202,pipes,4x4,medium,202,gbfs,2,3.14.3,macOS-26.5.2-arm64-arm-64bit-Mach-O,arm,unknown,/Users/vqd/BTL_AI/.venv/bin/python,solved,5.283665959723294,131.4755859375,17,17,0,0,1,16,16,17,
pipes-4x4-medium-seed-202,pipes,4x4,medium,202,gbfs,3,3.14.3,macOS-26.5.2-arm64-arm-64bit-Mach-O,arm,unknown,/Users/vqd/BTL_AI/.venv/bin/python,solved,5.332458997145295,131.4755859375,17,17,0,0,1,16,16,17,
pipes-4x4-medium-seed-202,pipes,4x4,medium,202,gbfs,4,3.14.3,macOS-26.5.2-arm64-arm-64bit-Mach-O,arm,unknown,/Users/vqd/BTL_AI/.venv/bin/python,solved,5.337166017852724,131.4755859375,17,17,0,0,1,16,16,17,
pipes-4x4-medium-seed-202,pipes,4x4,medium,202,gbfs,5,3.14.3,macOS-26.5.2-arm64-arm-64bit-Mach-O,arm,unknown,/Users/vqd/BTL_AI/.venv/bin/python,solved,5.307708983309567,131.4755859375,17,17,0,0,1,16,16,17,
pipes-4x4-medium-seed-202,pipes,4x4,medium,202,gbfs,6,3.14.3,macOS-26.5.2-arm64-arm-64bit-Mach-O,arm,unknown,/Users/vqd/BTL_AI/.venv/bin/python,solved,5.342957971151918,131.4755859375,17,17,0,0,1,16,16,17,
pipes-4x4-medium-seed-202,pipes,4x4,medium,202,gbfs,7,3.14.3,macOS-26.5.2-arm64-arm-64bit-Mach-O,arm,unknown,/Users/vqd/BTL_AI/.venv/bin/python,solved,5.352791980840266,131.4755859375,17,17,0,0,1,16,16,17,
pipes-4x4-medium-seed-202,pipes,4x4,medium,202,gbfs,8,3.14.3,macOS-26.5.2-arm64-arm-64bit-Mach-O,arm,unknown,/Users/vqd/BTL_AI/.venv/bin/python,solved,5.373416002839804,131.4755859375,17,17,0,0,1,16,16,17,
pipes-4x4-medium-seed-202,pipes,4x4,medium,202,gbfs,9,3.14.3,macOS-26.5.2-arm64-arm-64bit-Mach-O,arm,unknown,/Users/vqd/BTL_AI/.venv/bin/python,solved,5.374583008233458,131.4755859375,17,17,0,0,1,16,16,17,
pipes-4x4-medium-seed-202,pipes,4x4,medium,202,gbfs,10,3.14.3,macOS-26.5.2-arm64-arm-64bit-Mach-O,arm,unknown,/Users/vqd/BTL_AI/.venv/bin/python,solved,5.576958996243775,131.4755859375,17,17,0,0,1,16,16,17,
futoshiki-5x5-medium-seed-302,futoshiki,5,medium,302,dfs,1,3.14.3,macOS-26.5.2-arm64-arm-64bit-Mach-O,arm,unknown,/Users/vqd/BTL_AI/.venv/bin/python,solved,0.4895420279353857,133.4169921875,16,16,0,0,1,15,15,0,
futoshiki-5x5-medium-seed-302,futoshiki,5,medium,302,dfs,2,3.14.3,macOS-26.5.2-arm64-arm-64bit-Mach-O,arm,unknown,/Users/vqd/BTL_AI/.venv/bin/python,solved,0.4980830126442015,133.4169921875,16,16,0,0,1,15,15,0,
futoshiki-5x5-medium-seed-302,futoshiki,5,medium,302,dfs,3,3.14.3,macOS-26.5.2-arm64-arm-64bit-Mach-O,arm,unknown,/Users/vqd/BTL_AI/.venv/bin/python,solved,0.4895419697277248,133.4169921875,16,16,0,0,1,15,15,0,
futoshiki-5x5-medium-seed-302,futoshiki,5,medium,302,dfs,4,3.14.3,macOS-26.5.2-arm64-arm-64bit-Mach-O,arm,unknown,/Users/vqd/BTL_AI/.venv/bin/python,solved,0.5000840174034238,133.4169921875,16,16,0,0,1,15,15,0,
futoshiki-5x5-medium-seed-302,futoshiki,5,medium,302,dfs,5,3.14.3,macOS-26.5.2-arm64-arm-64bit-Mach-O,arm,unknown,/Users/vqd/BTL_AI/.venv/bin/python,solved,0.4862910136580467,133.4169921875,16,16,0,0,1,15,15,0,
futoshiki-5x5-medium-seed-302,futoshiki,5,medium,302,dfs,6,3.14.3,macOS-26.5.2-arm64-arm-64bit-Mach-O,arm,unknown,/Users/vqd/BTL_AI/.venv/bin/python,solved,0.483207986690104,133.4169921875,16,16,0,0,1,15,15,0,
futoshiki-5x5-medium-seed-302,futoshiki,5,medium,302,dfs,7,3.14.3,macOS-26.5.2-arm64-arm-64bit-Mach-O,arm,unknown,/Users/vqd/BTL_AI/.venv/bin/python,solved,0.5174999823793769,133.4169921875,16,16,0,0,1,15,15,0,
futoshiki-5x5-medium-seed-302,futoshiki,5,medium,302,dfs,8,3.14.3,macOS-26.5.2-arm64-arm-64bit-Mach-O,arm,unknown,/Users/vqd/BTL_AI/.venv/bin/python,solved,0.4820830072276294,133.4169921875,16,16,0,0,1,15,15,0,
futoshiki-5x5-medium-seed-302,futoshiki,5,medium,302,dfs,9,3.14.3,macOS-26.5.2-arm64-arm-64bit-Mach-O,arm,unknown,/Users/vqd/BTL_AI/.venv/bin/python,solved,0.4819169989787042,133.4169921875,16,16,0,0,1,15,15,0,
futoshiki-5x5-medium-seed-302,futoshiki,5,medium,302,dfs,10,3.14.3,macOS-26.5.2-arm64-arm-64bit-Mach-O,arm,unknown,/Users/vqd/BTL_AI/.venv/bin/python,solved,0.4920409992337227,133.4169921875,16,16,0,0,1,15,15,0,
futoshiki-5x5-medium-seed-302,futoshiki,5,medium,302,gbfs,1,3.14.3,macOS-26.5.2-arm64-arm-64bit-Mach-O,arm,unknown,/Users/vqd/BTL_AI/.venv/bin/python,solved,1.2503329780884087,133.4169921875,16,16,0,0,1,15,15,16,
futoshiki-5x5-medium-seed-302,futoshiki,5,medium,302,gbfs,2,3.14.3,macOS-26.5.2-arm64-arm-64bit-Mach-O,arm,unknown,/Users/vqd/BTL_AI/.venv/bin/python,solved,1.2507500359788537,133.4169921875,16,16,0,0,1,15,15,16,
futoshiki-5x5-medium-seed-302,futoshiki,5,medium,302,gbfs,3,3.14.3,macOS-26.5.2-arm64-arm-64bit-Mach-O,arm,unknown,/Users/vqd/BTL_AI/.venv/bin/python,solved,1.2595410225912929,133.4169921875,16,16,0,0,1,15,15,16,
futoshiki-5x5-medium-seed-302,futoshiki,5,medium,302,gbfs,4,3.14.3,macOS-26.5.2-arm64-arm-64bit-Mach-O,arm,unknown,/Users/vqd/BTL_AI/.venv/bin/python,solved,1.255999959539622,133.4169921875,16,16,0,0,1,15,15,16,
futoshiki-5x5-medium-seed-302,futoshiki,5,medium,302,gbfs,5,3.14.3,macOS-26.5.2-arm64-arm-64bit-Mach-O,arm,unknown,/Users/vqd/BTL_AI/.venv/bin/python,solved,1.3308330089785159,133.4169921875,16,16,0,0,1,15,15,16,
futoshiki-5x5-medium-seed-302,futoshiki,5,medium,302,gbfs,6,3.14.3,macOS-26.5.2-arm64-arm-64bit-Mach-O,arm,unknown,/Users/vqd/BTL_AI/.venv/bin/python,solved,1.2488749925978482,133.4169921875,16,16,0,0,1,15,15,16,
futoshiki-5x5-medium-seed-302,futoshiki,5,medium,302,gbfs,7,3.14.3,macOS-26.5.2-arm64-arm-64bit-Mach-O,arm,unknown,/Users/vqd/BTL_AI/.venv/bin/python,solved,1.2457499979063869,133.4169921875,16,16,0,0,1,15,15,16,
futoshiki-5x5-medium-seed-302,futoshiki,5,medium,302,gbfs,8,3.14.3,macOS-26.5.2-arm64-arm-64bit-Mach-O,arm,unknown,/Users/vqd/BTL_AI/.venv/bin/python,solved,1.225207990501076,133.4169921875,16,16,0,0,1,15,15,16,
futoshiki-5x5-medium-seed-302,futoshiki,5,medium,302,gbfs,9,3.14.3,macOS-26.5.2-arm64-arm-64bit-Mach-O,arm,unknown,/Users/vqd/BTL_AI/.venv/bin/python,solved,1.25962495803833,133.4169921875,16,16,0,0,1,15,15,16,
futoshiki-5x5-medium-seed-302,futoshiki,5,medium,302,gbfs,10,3.14.3,macOS-26.5.2-arm64-arm-64bit-Mach-O,arm,unknown,/Users/vqd/BTL_AI/.venv/bin/python,solved,1.2935000122524798,133.4169921875,16,16,0,0,1,15,15,16,
pipes-4x4-medium-seed-203,pipes,4x4,medium,203,dfs,1,3.14.3,macOS-26.5.2-arm64-arm-64bit-Mach-O,arm,unknown,/Users/vqd/BTL_AI/.venv/bin/python,solved,4.379041027277708,131.4794921875,17,17,0,0,1,16,16,0,
pipes-4x4-medium-seed-203,pipes,4x4,medium,203,dfs,2,3.14.3,macOS-26.5.2-arm64-arm-64bit-Mach-O,arm,unknown,/Users/vqd/BTL_AI/.venv/bin/python,solved,4.43208304932341,131.4794921875,17,17,0,0,1,16,16,0,
pipes-4x4-medium-seed-203,pipes,4x4,medium,203,dfs,3,3.14.3,macOS-26.5.2-arm64-arm-64bit-Mach-O,arm,unknown,/Users/vqd/BTL_AI/.venv/bin/python,solved,4.404749954119325,131.4794921875,17,17,0,0,1,16,16,0,
pipes-4x4-medium-seed-203,pipes,4x4,medium,203,dfs,4,3.14.3,macOS-26.5.2-arm64-arm-64bit-Mach-O,arm,unknown,/Users/vqd/BTL_AI/.venv/bin/python,solved,4.358666017651558,131.4794921875,17,17,0,0,1,16,16,0,
pipes-4x4-medium-seed-203,pipes,4x4,medium,203,dfs,5,3.14.3,macOS-26.5.2-arm64-arm-64bit-Mach-O,arm,unknown,/Users/vqd/BTL_AI/.venv/bin/python,solved,4.457791976165026,131.4794921875,17,17,0,0,1,16,16,0,
pipes-4x4-medium-seed-203,pipes,4x4,medium,203,dfs,6,3.14.3,macOS-26.5.2-arm64-arm-64bit-Mach-O,arm,unknown,/Users/vqd/BTL_AI/.venv/bin/python,solved,4.469375009648502,131.4794921875,17,17,0,0,1,16,16,0,
pipes-4x4-medium-seed-203,pipes,4x4,medium,203,dfs,7,3.14.3,macOS-26.5.2-arm64-arm-64bit-Mach-O,arm,unknown,/Users/vqd/BTL_AI/.venv/bin/python,solved,4.38979099271819,131.4794921875,17,17,0,0,1,16,16,0,
pipes-4x4-medium-seed-203,pipes,4x4,medium,203,dfs,8,3.14.3,macOS-26.5.2-arm64-arm-64bit-Mach-O,arm,unknown,/Users/vqd/BTL_AI/.venv/bin/python,solved,4.388416011352092,131.4794921875,17,17,0,0,1,16,16,0,
pipes-4x4-medium-seed-203,pipes,4x4,medium,203,dfs,9,3.14.3,macOS-26.5.2-arm64-arm-64bit-Mach-O,arm,unknown,/Users/vqd/BTL_AI/.venv/bin/python,solved,4.409665998537093,131.4794921875,17,17,0,0,1,16,16,0,
pipes-4x4-medium-seed-203,pipes,4x4,medium,203,dfs,10,3.14.3,macOS-26.5.2-arm64-arm-64bit-Mach-O,arm,unknown,/Users/vqd/BTL_AI/.venv/bin/python,solved,4.376124998088926,131.4794921875,17,17,0,0,1,16,16,0,
pipes-4x4-medium-seed-203,pipes,4x4,medium,203,gbfs,1,3.14.3,macOS-26.5.2-arm64-arm-64bit-Mach-O,arm,unknown,/Users/vqd/BTL_AI/.venv/bin/python,solved,5.16941596288234,131.4794921875,17,17,0,0,1,16,16,17,
pipes-4x4-medium-seed-203,pipes,4x4,medium,203,gbfs,2,3.14.3,macOS-26.5.2-arm64-arm-64bit-Mach-O,arm,unknown,/Users/vqd/BTL_AI/.venv/bin/python,solved,5.153707985300571,131.4794921875,17,17,0,0,1,16,16,17,
pipes-4x4-medium-seed-203,pipes,4x4,medium,203,gbfs,3,3.14.3,macOS-26.5.2-arm64-arm-64bit-Mach-O,arm,unknown,/Users/vqd/BTL_AI/.venv/bin/python,solved,5.188208015169948,131.4794921875,17,17,0,0,1,16,16,17,
pipes-4x4-medium-seed-203,pipes,4x4,medium,203,gbfs,4,3.14.3,macOS-26.5.2-arm64-arm-64bit-Mach-O,arm,unknown,/Users/vqd/BTL_AI/.venv/bin/python,solved,5.160624976269901,131.4794921875,17,17,0,0,1,16,16,17,
pipes-4x4-medium-seed-203,pipes,4x4,medium,203,gbfs,5,3.14.3,macOS-26.5.2-arm64-arm-64bit-Mach-O,arm,unknown,/Users/vqd/BTL_AI/.venv/bin/python,solved,5.1535830134525895,131.4794921875,17,17,0,0,1,16,16,17,
pipes-4x4-medium-seed-203,pipes,4x4,medium,203,gbfs,6,3.14.3,macOS-26.5.2-arm64-arm-64bit-Mach-O,arm,unknown,/Users/vqd/BTL_AI/.venv/bin/python,solved,5.210166971664876,131.4794921875,17,17,0,0,1,16,16,17,
pipes-4x4-medium-seed-203,pipes,4x4,medium,203,gbfs,7,3.14.3,macOS-26.5.2-arm64-arm-64bit-Mach-O,arm,unknown,/Users/vqd/BTL_AI/.venv/bin/python,solved,5.163583031389862,131.4794921875,17,17,0,0,1,16,16,17,
pipes-4x4-medium-seed-203,pipes,4x4,medium,203,gbfs,8,3.14.3,macOS-26.5.2-arm64-arm-64bit-Mach-O,arm,unknown,/Users/vqd/BTL_AI/.venv/bin/python,solved,5.183166009373963,131.4794921875,17,17,0,0,1,16,16,17,
pipes-4x4-medium-seed-203,pipes,4x4,medium,203,gbfs,9,3.14.3,macOS-26.5.2-arm64-arm-64bit-Mach-O,arm,unknown,/Users/vqd/BTL_AI/.venv/bin/python,solved,5.160124972462654,131.4794921875,17,17,0,0,1,16,16,17,
pipes-4x4-medium-seed-203,pipes,4x4,medium,203,gbfs,10,3.14.3,macOS-26.5.2-arm64-arm-64bit-Mach-O,arm,unknown,/Users/vqd/BTL_AI/.venv/bin/python,solved,5.155333026777953,131.4794921875,17,17,0,0,1,16,16,17,
futoshiki-5x5-medium-seed-303,futoshiki,5,medium,303,dfs,1,3.14.3,macOS-26.5.2-arm64-arm-64bit-Mach-O,arm,unknown,/Users/vqd/BTL_AI/.venv/bin/python,solved,0.7367910002358258,133.4169921875,20,20,2,0,3,15,15,0,
futoshiki-5x5-medium-seed-303,futoshiki,5,medium,303,dfs,2,3.14.3,macOS-26.5.2-arm64-arm-64bit-Mach-O,arm,unknown,/Users/vqd/BTL_AI/.venv/bin/python,solved,0.735500012524426,133.4169921875,20,20,2,0,3,15,15,0,
futoshiki-5x5-medium-seed-303,futoshiki,5,medium,303,dfs,3,3.14.3,macOS-26.5.2-arm64-arm-64bit-Mach-O,arm,unknown,/Users/vqd/BTL_AI/.venv/bin/python,solved,0.7495409809052944,133.4169921875,20,20,2,0,3,15,15,0,
futoshiki-5x5-medium-seed-303,futoshiki,5,medium,303,dfs,4,3.14.3,macOS-26.5.2-arm64-arm-64bit-Mach-O,arm,unknown,/Users/vqd/BTL_AI/.venv/bin/python,solved,0.7352499524131417,133.4169921875,20,20,2,0,3,15,15,0,
futoshiki-5x5-medium-seed-303,futoshiki,5,medium,303,dfs,5,3.14.3,macOS-26.5.2-arm64-arm-64bit-Mach-O,arm,unknown,/Users/vqd/BTL_AI/.venv/bin/python,solved,0.7432500133290887,133.4169921875,20,20,2,0,3,15,15,0,
futoshiki-5x5-medium-seed-303,futoshiki,5,medium,303,dfs,6,3.14.3,macOS-26.5.2-arm64-arm-64bit-Mach-O,arm,unknown,/Users/vqd/BTL_AI/.venv/bin/python,solved,0.7676670211367309,133.4169921875,20,20,2,0,3,15,15,0,
futoshiki-5x5-medium-seed-303,futoshiki,5,medium,303,dfs,7,3.14.3,macOS-26.5.2-arm64-arm-64bit-Mach-O,arm,unknown,/Users/vqd/BTL_AI/.venv/bin/python,solved,0.7442079950124025,133.4169921875,20,20,2,0,3,15,15,0,
futoshiki-5x5-medium-seed-303,futoshiki,5,medium,303,dfs,8,3.14.3,macOS-26.5.2-arm64-arm-64bit-Mach-O,arm,unknown,/Users/vqd/BTL_AI/.venv/bin/python,solved,0.736541987862438,133.4169921875,20,20,2,0,3,15,15,0,
futoshiki-5x5-medium-seed-303,futoshiki,5,medium,303,dfs,9,3.14.3,macOS-26.5.2-arm64-arm-64bit-Mach-O,arm,unknown,/Users/vqd/BTL_AI/.venv/bin/python,solved,0.7410419639199972,133.4169921875,20,20,2,0,3,15,15,0,
futoshiki-5x5-medium-seed-303,futoshiki,5,medium,303,dfs,10,3.14.3,macOS-26.5.2-arm64-arm-64bit-Mach-O,arm,unknown,/Users/vqd/BTL_AI/.venv/bin/python,solved,0.7667500176467001,133.4169921875,20,20,2,0,3,15,15,0,
futoshiki-5x5-medium-seed-303,futoshiki,5,medium,303,gbfs,1,3.14.3,macOS-26.5.2-arm64-arm-64bit-Mach-O,arm,unknown,/Users/vqd/BTL_AI/.venv/bin/python,solved,1.6931670252233744,133.4169921875,18,16,0,0,3,15,15,18,
futoshiki-5x5-medium-seed-303,futoshiki,5,medium,303,gbfs,2,3.14.3,macOS-26.5.2-arm64-arm-64bit-Mach-O,arm,unknown,/Users/vqd/BTL_AI/.venv/bin/python,solved,1.683834008872509,133.4169921875,18,16,0,0,3,15,15,18,
futoshiki-5x5-medium-seed-303,futoshiki,5,medium,303,gbfs,3,3.14.3,macOS-26.5.2-arm64-arm-64bit-Mach-O,arm,unknown,/Users/vqd/BTL_AI/.venv/bin/python,solved,1.6760840080678463,133.4169921875,18,16,0,0,3,15,15,18,
futoshiki-5x5-medium-seed-303,futoshiki,5,medium,303,gbfs,4,3.14.3,macOS-26.5.2-arm64-arm-64bit-Mach-O,arm,unknown,/Users/vqd/BTL_AI/.venv/bin/python,solved,1.679459004662931,133.4169921875,18,16,0,0,3,15,15,18,
futoshiki-5x5-medium-seed-303,futoshiki,5,medium,303,gbfs,5,3.14.3,macOS-26.5.2-arm64-arm-64bit-Mach-O,arm,unknown,/Users/vqd/BTL_AI/.venv/bin/python,solved,1.664666982833296,133.4169921875,18,16,0,0,3,15,15,18,
futoshiki-5x5-medium-seed-303,futoshiki,5,medium,303,gbfs,6,3.14.3,macOS-26.5.2-arm64-arm-64bit-Mach-O,arm,unknown,/Users/vqd/BTL_AI/.venv/bin/python,solved,1.6759580466896296,133.4169921875,18,16,0,0,3,15,15,18,
futoshiki-5x5-medium-seed-303,futoshiki,5,medium,303,gbfs,7,3.14.3,macOS-26.5.2-arm64-arm-64bit-Mach-O,arm,unknown,/Users/vqd/BTL_AI/.venv/bin/python,solved,1.6709579504095018,133.4169921875,18,16,0,0,3,15,15,18,
futoshiki-5x5-medium-seed-303,futoshiki,5,medium,303,gbfs,8,3.14.3,macOS-26.5.2-arm64-arm-64bit-Mach-O,arm,unknown,/Users/vqd/BTL_AI/.venv/bin/python,solved,1.6704159788787365,133.4169921875,18,16,0,0,3,15,15,18,
futoshiki-5x5-medium-seed-303,futoshiki,5,medium,303,gbfs,9,3.14.3,macOS-26.5.2-arm64-arm-64bit-Mach-O,arm,unknown,/Users/vqd/BTL_AI/.venv/bin/python,solved,1.7841660301201046,133.4169921875,18,16,0,0,3,15,15,18,
futoshiki-5x5-medium-seed-303,futoshiki,5,medium,303,gbfs,10,3.14.3,macOS-26.5.2-arm64-arm-64bit-Mach-O,arm,unknown,/Users/vqd/BTL_AI/.venv/bin/python,solved,1.6945830429904163,133.4169921875,18,16,0,0,3,15,15,18,
pipes-5x5-hard-seed-301,pipes,5x5,hard,301,dfs,1,3.14.3,macOS-26.5.2-arm64-arm-64bit-Mach-O,arm,unknown,/Users/vqd/BTL_AI/.venv/bin/python,solved,11.415291985031217,131.9619140625,26,26,0,0,1,25,25,0,
pipes-5x5-hard-seed-301,pipes,5x5,hard,301,dfs,2,3.14.3,macOS-26.5.2-arm64-arm-64bit-Mach-O,arm,unknown,/Users/vqd/BTL_AI/.venv/bin/python,solved,11.47966698044911,131.9619140625,26,26,0,0,1,25,25,0,
pipes-5x5-hard-seed-301,pipes,5x5,hard,301,dfs,3,3.14.3,macOS-26.5.2-arm64-arm-64bit-Mach-O,arm,unknown,/Users/vqd/BTL_AI/.venv/bin/python,solved,11.42791600432247,131.9619140625,26,26,0,0,1,25,25,0,
pipes-5x5-hard-seed-301,pipes,5x5,hard,301,dfs,4,3.14.3,macOS-26.5.2-arm64-arm-64bit-Mach-O,arm,unknown,/Users/vqd/BTL_AI/.venv/bin/python,solved,11.460707988590002,131.9619140625,26,26,0,0,1,25,25,0,
pipes-5x5-hard-seed-301,pipes,5x5,hard,301,dfs,5,3.14.3,macOS-26.5.2-arm64-arm-64bit-Mach-O,arm,unknown,/Users/vqd/BTL_AI/.venv/bin/python,solved,11.447333032265306,131.9619140625,26,26,0,0,1,25,25,0,
pipes-5x5-hard-seed-301,pipes,5x5,hard,301,dfs,6,3.14.3,macOS-26.5.2-arm64-arm-64bit-Mach-O,arm,unknown,/Users/vqd/BTL_AI/.venv/bin/python,solved,11.47479098290205,131.9619140625,26,26,0,0,1,25,25,0,
pipes-5x5-hard-seed-301,pipes,5x5,hard,301,dfs,7,3.14.3,macOS-26.5.2-arm64-arm-64bit-Mach-O,arm,unknown,/Users/vqd/BTL_AI/.venv/bin/python,solved,11.455665982794017,131.9619140625,26,26,0,0,1,25,25,0,
pipes-5x5-hard-seed-301,pipes,5x5,hard,301,dfs,8,3.14.3,macOS-26.5.2-arm64-arm-64bit-Mach-O,arm,unknown,/Users/vqd/BTL_AI/.venv/bin/python,solved,11.459667002782226,131.9619140625,26,26,0,0,1,25,25,0,
pipes-5x5-hard-seed-301,pipes,5x5,hard,301,dfs,9,3.14.3,macOS-26.5.2-arm64-arm-64bit-Mach-O,arm,unknown,/Users/vqd/BTL_AI/.venv/bin/python,solved,11.429500009398907,131.9619140625,26,26,0,0,1,25,25,0,
pipes-5x5-hard-seed-301,pipes,5x5,hard,301,dfs,10,3.14.3,macOS-26.5.2-arm64-arm-64bit-Mach-O,arm,unknown,/Users/vqd/BTL_AI/.venv/bin/python,solved,11.911667010281235,131.9619140625,26,26,0,0,1,25,25,0,
pipes-5x5-hard-seed-301,pipes,5x5,hard,301,gbfs,1,3.14.3,macOS-26.5.2-arm64-arm-64bit-Mach-O,arm,unknown,/Users/vqd/BTL_AI/.venv/bin/python,solved,14.687083021271974,131.9619140625,26,26,0,0,1,25,25,26,
pipes-5x5-hard-seed-301,pipes,5x5,hard,301,gbfs,2,3.14.3,macOS-26.5.2-arm64-arm-64bit-Mach-O,arm,unknown,/Users/vqd/BTL_AI/.venv/bin/python,solved,13.949332991614938,131.9619140625,26,26,0,0,1,25,25,26,
pipes-5x5-hard-seed-301,pipes,5x5,hard,301,gbfs,3,3.14.3,macOS-26.5.2-arm64-arm-64bit-Mach-O,arm,unknown,/Users/vqd/BTL_AI/.venv/bin/python,solved,13.952374982181937,131.9619140625,26,26,0,0,1,25,25,26,
pipes-5x5-hard-seed-301,pipes,5x5,hard,301,gbfs,4,3.14.3,macOS-26.5.2-arm64-arm-64bit-Mach-O,arm,unknown,/Users/vqd/BTL_AI/.venv/bin/python,solved,14.185082982294261,131.9619140625,26,26,0,0,1,25,25,26,
pipes-5x5-hard-seed-301,pipes,5x5,hard,301,gbfs,5,3.14.3,macOS-26.5.2-arm64-arm-64bit-Mach-O,arm,unknown,/Users/vqd/BTL_AI/.venv/bin/python,solved,14.150124974548817,131.9619140625,26,26,0,0,1,25,25,26,
pipes-5x5-hard-seed-301,pipes,5x5,hard,301,gbfs,6,3.14.3,macOS-26.5.2-arm64-arm-64bit-Mach-O,arm,unknown,/Users/vqd/BTL_AI/.venv/bin/python,solved,14.097208972088993,131.9619140625,26,26,0,0,1,25,25,26,
pipes-5x5-hard-seed-301,pipes,5x5,hard,301,gbfs,7,3.14.3,macOS-26.5.2-arm64-arm-64bit-Mach-O,arm,unknown,/Users/vqd/BTL_AI/.venv/bin/python,solved,14.084708003792912,131.9619140625,26,26,0,0,1,25,25,26,
pipes-5x5-hard-seed-301,pipes,5x5,hard,301,gbfs,8,3.14.3,macOS-26.5.2-arm64-arm-64bit-Mach-O,arm,unknown,/Users/vqd/BTL_AI/.venv/bin/python,solved,14.232250046916306,131.9619140625,26,26,0,0,1,25,25,26,
pipes-5x5-hard-seed-301,pipes,5x5,hard,301,gbfs,9,3.14.3,macOS-26.5.2-arm64-arm-64bit-Mach-O,arm,unknown,/Users/vqd/BTL_AI/.venv/bin/python,solved,14.23266698839143,131.9619140625,26,26,0,0,1,25,25,26,
pipes-5x5-hard-seed-301,pipes,5x5,hard,301,gbfs,10,3.14.3,macOS-26.5.2-arm64-arm-64bit-Mach-O,arm,unknown,/Users/vqd/BTL_AI/.venv/bin/python,solved,14.039333036635071,131.9619140625,26,26,0,0,1,25,25,26,
futoshiki-6x6-hard-seed-401,futoshiki,6,hard,401,dfs,1,3.14.3,macOS-26.5.2-arm64-arm-64bit-Mach-O,arm,unknown,/Users/vqd/BTL_AI/.venv/bin/python,solved,2.7076660189777613,133.6220703125,58,53,9,0,7,25,25,0,
futoshiki-6x6-hard-seed-401,futoshiki,6,hard,401,dfs,2,3.14.3,macOS-26.5.2-arm64-arm-64bit-Mach-O,arm,unknown,/Users/vqd/BTL_AI/.venv/bin/python,solved,2.71612498909235,133.6220703125,58,53,9,0,7,25,25,0,
futoshiki-6x6-hard-seed-401,futoshiki,6,hard,401,dfs,3,3.14.3,macOS-26.5.2-arm64-arm-64bit-Mach-O,arm,unknown,/Users/vqd/BTL_AI/.venv/bin/python,solved,2.679541998077184,133.6220703125,58,53,9,0,7,25,25,0,
futoshiki-6x6-hard-seed-401,futoshiki,6,hard,401,dfs,4,3.14.3,macOS-26.5.2-arm64-arm-64bit-Mach-O,arm,unknown,/Users/vqd/BTL_AI/.venv/bin/python,solved,2.70491698756814,133.6220703125,58,53,9,0,7,25,25,0,
futoshiki-6x6-hard-seed-401,futoshiki,6,hard,401,dfs,5,3.14.3,macOS-26.5.2-arm64-arm-64bit-Mach-O,arm,unknown,/Users/vqd/BTL_AI/.venv/bin/python,solved,2.6387920370325446,133.6220703125,58,53,9,0,7,25,25,0,
futoshiki-6x6-hard-seed-401,futoshiki,6,hard,401,dfs,6,3.14.3,macOS-26.5.2-arm64-arm-64bit-Mach-O,arm,unknown,/Users/vqd/BTL_AI/.venv/bin/python,solved,2.6853749877773225,133.6220703125,58,53,9,0,7,25,25,0,
futoshiki-6x6-hard-seed-401,futoshiki,6,hard,401,dfs,7,3.14.3,macOS-26.5.2-arm64-arm-64bit-Mach-O,arm,unknown,/Users/vqd/BTL_AI/.venv/bin/python,solved,2.7271670405752957,133.6220703125,58,53,9,0,7,25,25,0,
futoshiki-6x6-hard-seed-401,futoshiki,6,hard,401,dfs,8,3.14.3,macOS-26.5.2-arm64-arm-64bit-Mach-O,arm,unknown,/Users/vqd/BTL_AI/.venv/bin/python,solved,2.6394580490887165,133.6220703125,58,53,9,0,7,25,25,0,
futoshiki-6x6-hard-seed-401,futoshiki,6,hard,401,dfs,9,3.14.3,macOS-26.5.2-arm64-arm-64bit-Mach-O,arm,unknown,/Users/vqd/BTL_AI/.venv/bin/python,solved,2.6438329950906336,133.6220703125,58,53,9,0,7,25,25,0,
futoshiki-6x6-hard-seed-401,futoshiki,6,hard,401,dfs,10,3.14.3,macOS-26.5.2-arm64-arm-64bit-Mach-O,arm,unknown,/Users/vqd/BTL_AI/.venv/bin/python,solved,3.345999983139336,133.6220703125,58,53,9,0,7,25,25,0,
futoshiki-6x6-hard-seed-401,futoshiki,6,hard,401,gbfs,1,3.14.3,macOS-26.5.2-arm64-arm-64bit-Mach-O,arm,unknown,/Users/vqd/BTL_AI/.venv/bin/python,solved,10.66149998223409,133.6220703125,89,89,19,0,8,25,25,89,
futoshiki-6x6-hard-seed-401,futoshiki,6,hard,401,gbfs,2,3.14.3,macOS-26.5.2-arm64-arm-64bit-Mach-O,arm,unknown,/Users/vqd/BTL_AI/.venv/bin/python,solved,9.798375016544014,133.6220703125,89,89,19,0,8,25,25,89,
futoshiki-6x6-hard-seed-401,futoshiki,6,hard,401,gbfs,3,3.14.3,macOS-26.5.2-arm64-arm-64bit-Mach-O,arm,unknown,/Users/vqd/BTL_AI/.venv/bin/python,solved,10.305917006917298,133.6220703125,89,89,19,0,8,25,25,89,
futoshiki-6x6-hard-seed-401,futoshiki,6,hard,401,gbfs,4,3.14.3,macOS-26.5.2-arm64-arm-64bit-Mach-O,arm,unknown,/Users/vqd/BTL_AI/.venv/bin/python,solved,10.040708002634346,133.6220703125,89,89,19,0,8,25,25,89,
futoshiki-6x6-hard-seed-401,futoshiki,6,hard,401,gbfs,5,3.14.3,macOS-26.5.2-arm64-arm-64bit-Mach-O,arm,unknown,/Users/vqd/BTL_AI/.venv/bin/python,solved,10.215082962531596,133.6220703125,89,89,19,0,8,25,25,89,
futoshiki-6x6-hard-seed-401,futoshiki,6,hard,401,gbfs,6,3.14.3,macOS-26.5.2-arm64-arm-64bit-Mach-O,arm,unknown,/Users/vqd/BTL_AI/.venv/bin/python,solved,9.860958030913025,133.6220703125,89,89,19,0,8,25,25,89,
futoshiki-6x6-hard-seed-401,futoshiki,6,hard,401,gbfs,7,3.14.3,macOS-26.5.2-arm64-arm-64bit-Mach-O,arm,unknown,/Users/vqd/BTL_AI/.venv/bin/python,solved,9.752832993399352,133.6220703125,89,89,19,0,8,25,25,89,
futoshiki-6x6-hard-seed-401,futoshiki,6,hard,401,gbfs,8,3.14.3,macOS-26.5.2-arm64-arm-64bit-Mach-O,arm,unknown,/Users/vqd/BTL_AI/.venv/bin/python,solved,9.597582975402474,133.6220703125,89,89,19,0,8,25,25,89,
futoshiki-6x6-hard-seed-401,futoshiki,6,hard,401,gbfs,9,3.14.3,macOS-26.5.2-arm64-arm-64bit-Mach-O,arm,unknown,/Users/vqd/BTL_AI/.venv/bin/python,solved,9.720290952827781,133.6220703125,89,89,19,0,8,25,25,89,
futoshiki-6x6-hard-seed-401,futoshiki,6,hard,401,gbfs,10,3.14.3,macOS-26.5.2-arm64-arm-64bit-Mach-O,arm,unknown,/Users/vqd/BTL_AI/.venv/bin/python,solved,9.666832978837192,133.6220703125,89,89,19,0,8,25,25,89,
pipes-5x5-hard-seed-302,pipes,5x5,hard,302,dfs,1,3.14.3,macOS-26.5.2-arm64-arm-64bit-Mach-O,arm,unknown,/Users/vqd/BTL_AI/.venv/bin/python,solved,11.186250019818544,131.9775390625,26,26,0,0,1,25,25,0,
pipes-5x5-hard-seed-302,pipes,5x5,hard,302,dfs,2,3.14.3,macOS-26.5.2-arm64-arm-64bit-Mach-O,arm,unknown,/Users/vqd/BTL_AI/.venv/bin/python,solved,11.230083997361362,131.9775390625,26,26,0,0,1,25,25,0,
pipes-5x5-hard-seed-302,pipes,5x5,hard,302,dfs,3,3.14.3,macOS-26.5.2-arm64-arm-64bit-Mach-O,arm,unknown,/Users/vqd/BTL_AI/.venv/bin/python,solved,11.295000032987446,131.9775390625,26,26,0,0,1,25,25,0,
pipes-5x5-hard-seed-302,pipes,5x5,hard,302,dfs,4,3.14.3,macOS-26.5.2-arm64-arm-64bit-Mach-O,arm,unknown,/Users/vqd/BTL_AI/.venv/bin/python,solved,11.197832995094359,131.9775390625,26,26,0,0,1,25,25,0,
pipes-5x5-hard-seed-302,pipes,5x5,hard,302,dfs,5,3.14.3,macOS-26.5.2-arm64-arm-64bit-Mach-O,arm,unknown,/Users/vqd/BTL_AI/.venv/bin/python,solved,11.286624998319894,131.9775390625,26,26,0,0,1,25,25,0,
pipes-5x5-hard-seed-302,pipes,5x5,hard,302,dfs,6,3.14.3,macOS-26.5.2-arm64-arm-64bit-Mach-O,arm,unknown,/Users/vqd/BTL_AI/.venv/bin/python,solved,11.181125009898096,131.9775390625,26,26,0,0,1,25,25,0,
pipes-5x5-hard-seed-302,pipes,5x5,hard,302,dfs,7,3.14.3,macOS-26.5.2-arm64-arm-64bit-Mach-O,arm,unknown,/Users/vqd/BTL_AI/.venv/bin/python,solved,11.218791012652218,131.9775390625,26,26,0,0,1,25,25,0,
pipes-5x5-hard-seed-302,pipes,5x5,hard,302,dfs,8,3.14.3,macOS-26.5.2-arm64-arm-64bit-Mach-O,arm,unknown,/Users/vqd/BTL_AI/.venv/bin/python,solved,11.482417001388967,131.9775390625,26,26,0,0,1,25,25,0,
pipes-5x5-hard-seed-302,pipes,5x5,hard,302,dfs,9,3.14.3,macOS-26.5.2-arm64-arm-64bit-Mach-O,arm,unknown,/Users/vqd/BTL_AI/.venv/bin/python,solved,11.659999960102141,131.9775390625,26,26,0,0,1,25,25,0,
pipes-5x5-hard-seed-302,pipes,5x5,hard,302,dfs,10,3.14.3,macOS-26.5.2-arm64-arm-64bit-Mach-O,arm,unknown,/Users/vqd/BTL_AI/.venv/bin/python,solved,31.806415994651616,131.9775390625,26,26,0,0,1,25,25,0,
pipes-5x5-hard-seed-302,pipes,5x5,hard,302,gbfs,1,3.14.3,macOS-26.5.2-arm64-arm-64bit-Mach-O,arm,unknown,/Users/vqd/BTL_AI/.venv/bin/python,solved,13.95487500121817,131.9775390625,26,26,0,0,1,25,25,26,
pipes-5x5-hard-seed-302,pipes,5x5,hard,302,gbfs,2,3.14.3,macOS-26.5.2-arm64-arm-64bit-Mach-O,arm,unknown,/Users/vqd/BTL_AI/.venv/bin/python,solved,13.354208960663527,131.9775390625,26,26,0,0,1,25,25,26,
pipes-5x5-hard-seed-302,pipes,5x5,hard,302,gbfs,3,3.14.3,macOS-26.5.2-arm64-arm-64bit-Mach-O,arm,unknown,/Users/vqd/BTL_AI/.venv/bin/python,solved,13.321583974175155,131.9775390625,26,26,0,0,1,25,25,26,
pipes-5x5-hard-seed-302,pipes,5x5,hard,302,gbfs,4,3.14.3,macOS-26.5.2-arm64-arm-64bit-Mach-O,arm,unknown,/Users/vqd/BTL_AI/.venv/bin/python,solved,16.213583992794156,131.9775390625,26,26,0,0,1,25,25,26,
pipes-5x5-hard-seed-302,pipes,5x5,hard,302,gbfs,5,3.14.3,macOS-26.5.2-arm64-arm-64bit-Mach-O,arm,unknown,/Users/vqd/BTL_AI/.venv/bin/python,solved,13.840708998031914,131.9775390625,26,26,0,0,1,25,25,26,
pipes-5x5-hard-seed-302,pipes,5x5,hard,302,gbfs,6,3.14.3,macOS-26.5.2-arm64-arm-64bit-Mach-O,arm,unknown,/Users/vqd/BTL_AI/.venv/bin/python,solved,46.47862497949973,131.9775390625,26,26,0,0,1,25,25,26,
pipes-5x5-hard-seed-302,pipes,5x5,hard,302,gbfs,7,3.14.3,macOS-26.5.2-arm64-arm-64bit-Mach-O,arm,unknown,/Users/vqd/BTL_AI/.venv/bin/python,solved,19.45333299227059,131.9775390625,26,26,0,0,1,25,25,26,
pipes-5x5-hard-seed-302,pipes,5x5,hard,302,gbfs,8,3.14.3,macOS-26.5.2-arm64-arm-64bit-Mach-O,arm,unknown,/Users/vqd/BTL_AI/.venv/bin/python,solved,14.051583013497293,131.9775390625,26,26,0,0,1,25,25,26,
pipes-5x5-hard-seed-302,pipes,5x5,hard,302,gbfs,9,3.14.3,macOS-26.5.2-arm64-arm-64bit-Mach-O,arm,unknown,/Users/vqd/BTL_AI/.venv/bin/python,solved,13.717084017116576,131.9775390625,26,26,0,0,1,25,25,26,
pipes-5x5-hard-seed-302,pipes,5x5,hard,302,gbfs,10,3.14.3,macOS-26.5.2-arm64-arm-64bit-Mach-O,arm,unknown,/Users/vqd/BTL_AI/.venv/bin/python,solved,14.880207949317992,131.9775390625,26,26,0,0,1,25,25,26,
futoshiki-6x6-hard-seed-402,futoshiki,6,hard,402,dfs,1,3.14.3,macOS-26.5.2-arm64-arm-64bit-Mach-O,arm,unknown,/Users/vqd/BTL_AI/.venv/bin/python,solved,3.5589999752119184,133.6220703125,59,54,8,0,7,25,25,0,
futoshiki-6x6-hard-seed-402,futoshiki,6,hard,402,dfs,2,3.14.3,macOS-26.5.2-arm64-arm-64bit-Mach-O,arm,unknown,/Users/vqd/BTL_AI/.venv/bin/python,solved,3.5150840412825346,133.6220703125,59,54,8,0,7,25,25,0,
futoshiki-6x6-hard-seed-402,futoshiki,6,hard,402,dfs,3,3.14.3,macOS-26.5.2-arm64-arm-64bit-Mach-O,arm,unknown,/Users/vqd/BTL_AI/.venv/bin/python,solved,3.3530829823575914,133.6220703125,59,54,8,0,7,25,25,0,
futoshiki-6x6-hard-seed-402,futoshiki,6,hard,402,dfs,4,3.14.3,macOS-26.5.2-arm64-arm-64bit-Mach-O,arm,unknown,/Users/vqd/BTL_AI/.venv/bin/python,solved,3.3952079829759896,133.6220703125,59,54,8,0,7,25,25,0,
futoshiki-6x6-hard-seed-402,futoshiki,6,hard,402,dfs,5,3.14.3,macOS-26.5.2-arm64-arm-64bit-Mach-O,arm,unknown,/Users/vqd/BTL_AI/.venv/bin/python,solved,3.6553749814629555,133.6220703125,59,54,8,0,7,25,25,0,
futoshiki-6x6-hard-seed-402,futoshiki,6,hard,402,dfs,6,3.14.3,macOS-26.5.2-arm64-arm-64bit-Mach-O,arm,unknown,/Users/vqd/BTL_AI/.venv/bin/python,solved,3.311583015602082,133.6220703125,59,54,8,0,7,25,25,0,
futoshiki-6x6-hard-seed-402,futoshiki,6,hard,402,dfs,7,3.14.3,macOS-26.5.2-arm64-arm-64bit-Mach-O,arm,unknown,/Users/vqd/BTL_AI/.venv/bin/python,solved,3.300874959677458,133.6220703125,59,54,8,0,7,25,25,0,
futoshiki-6x6-hard-seed-402,futoshiki,6,hard,402,dfs,8,3.14.3,macOS-26.5.2-arm64-arm-64bit-Mach-O,arm,unknown,/Users/vqd/BTL_AI/.venv/bin/python,solved,3.314915986265987,133.6220703125,59,54,8,0,7,25,25,0,
futoshiki-6x6-hard-seed-402,futoshiki,6,hard,402,dfs,9,3.14.3,macOS-26.5.2-arm64-arm-64bit-Mach-O,arm,unknown,/Users/vqd/BTL_AI/.venv/bin/python,solved,3.282915975432843,133.6220703125,59,54,8,0,7,25,25,0,
futoshiki-6x6-hard-seed-402,futoshiki,6,hard,402,dfs,10,3.14.3,macOS-26.5.2-arm64-arm-64bit-Mach-O,arm,unknown,/Users/vqd/BTL_AI/.venv/bin/python,solved,3.389042045455426,133.6220703125,59,54,8,0,7,25,25,0,
futoshiki-6x6-hard-seed-402,futoshiki,6,hard,402,gbfs,1,3.14.3,macOS-26.5.2-arm64-arm-64bit-Mach-O,arm,unknown,/Users/vqd/BTL_AI/.venv/bin/python,solved,19.62691597873345,133.6220703125,125,123,23,0,12,25,25,125,
futoshiki-6x6-hard-seed-402,futoshiki,6,hard,402,gbfs,2,3.14.3,macOS-26.5.2-arm64-arm-64bit-Mach-O,arm,unknown,/Users/vqd/BTL_AI/.venv/bin/python,solved,19.70870903460309,133.6220703125,125,123,23,0,12,25,25,125,
futoshiki-6x6-hard-seed-402,futoshiki,6,hard,402,gbfs,3,3.14.3,macOS-26.5.2-arm64-arm-64bit-Mach-O,arm,unknown,/Users/vqd/BTL_AI/.venv/bin/python,solved,19.61820898577571,133.6220703125,125,123,23,0,12,25,25,125,
futoshiki-6x6-hard-seed-402,futoshiki,6,hard,402,gbfs,4,3.14.3,macOS-26.5.2-arm64-arm-64bit-Mach-O,arm,unknown,/Users/vqd/BTL_AI/.venv/bin/python,solved,19.858958024997264,133.6220703125,125,123,23,0,12,25,25,125,
futoshiki-6x6-hard-seed-402,futoshiki,6,hard,402,gbfs,5,3.14.3,macOS-26.5.2-arm64-arm-64bit-Mach-O,arm,unknown,/Users/vqd/BTL_AI/.venv/bin/python,solved,19.604875007644296,133.6220703125,125,123,23,0,12,25,25,125,
futoshiki-6x6-hard-seed-402,futoshiki,6,hard,402,gbfs,6,3.14.3,macOS-26.5.2-arm64-arm-64bit-Mach-O,arm,unknown,/Users/vqd/BTL_AI/.venv/bin/python,solved,19.850249984301627,133.6220703125,125,123,23,0,12,25,25,125,
futoshiki-6x6-hard-seed-402,futoshiki,6,hard,402,gbfs,7,3.14.3,macOS-26.5.2-arm64-arm-64bit-Mach-O,arm,unknown,/Users/vqd/BTL_AI/.venv/bin/python,solved,20.053040992934257,133.6220703125,125,123,23,0,12,25,25,125,
futoshiki-6x6-hard-seed-402,futoshiki,6,hard,402,gbfs,8,3.14.3,macOS-26.5.2-arm64-arm-64bit-Mach-O,arm,unknown,/Users/vqd/BTL_AI/.venv/bin/python,solved,20.13962500495836,133.6220703125,125,123,23,0,12,25,25,125,
futoshiki-6x6-hard-seed-402,futoshiki,6,hard,402,gbfs,9,3.14.3,macOS-26.5.2-arm64-arm-64bit-Mach-O,arm,unknown,/Users/vqd/BTL_AI/.venv/bin/python,solved,19.84137500403449,133.6220703125,125,123,23,0,12,25,25,125,
futoshiki-6x6-hard-seed-402,futoshiki,6,hard,402,gbfs,10,3.14.3,macOS-26.5.2-arm64-arm-64bit-Mach-O,arm,unknown,/Users/vqd/BTL_AI/.venv/bin/python,solved,20.073666993994266,133.6220703125,125,123,23,0,12,25,25,125,
pipes-5x5-hard-seed-303,pipes,5x5,hard,303,dfs,1,3.14.3,macOS-26.5.2-arm64-arm-64bit-Mach-O,arm,unknown,/Users/vqd/BTL_AI/.venv/bin/python,solved,11.170041980221868,131.9619140625,26,26,0,0,1,25,25,0,
pipes-5x5-hard-seed-303,pipes,5x5,hard,303,dfs,2,3.14.3,macOS-26.5.2-arm64-arm-64bit-Mach-O,arm,unknown,/Users/vqd/BTL_AI/.venv/bin/python,solved,11.246707988902926,131.9619140625,26,26,0,0,1,25,25,0,
pipes-5x5-hard-seed-303,pipes,5x5,hard,303,dfs,3,3.14.3,macOS-26.5.2-arm64-arm-64bit-Mach-O,arm,unknown,/Users/vqd/BTL_AI/.venv/bin/python,solved,11.22979196952656,131.9619140625,26,26,0,0,1,25,25,0,
pipes-5x5-hard-seed-303,pipes,5x5,hard,303,dfs,4,3.14.3,macOS-26.5.2-arm64-arm-64bit-Mach-O,arm,unknown,/Users/vqd/BTL_AI/.venv/bin/python,solved,11.317582975607365,131.9619140625,26,26,0,0,1,25,25,0,
pipes-5x5-hard-seed-303,pipes,5x5,hard,303,dfs,5,3.14.3,macOS-26.5.2-arm64-arm-64bit-Mach-O,arm,unknown,/Users/vqd/BTL_AI/.venv/bin/python,solved,11.203499976545572,131.9619140625,26,26,0,0,1,25,25,0,
pipes-5x5-hard-seed-303,pipes,5x5,hard,303,dfs,6,3.14.3,macOS-26.5.2-arm64-arm-64bit-Mach-O,arm,unknown,/Users/vqd/BTL_AI/.venv/bin/python,solved,11.210749973542988,131.9619140625,26,26,0,0,1,25,25,0,
pipes-5x5-hard-seed-303,pipes,5x5,hard,303,dfs,7,3.14.3,macOS-26.5.2-arm64-arm-64bit-Mach-O,arm,unknown,/Users/vqd/BTL_AI/.venv/bin/python,solved,11.289665999356657,131.9619140625,26,26,0,0,1,25,25,0,
pipes-5x5-hard-seed-303,pipes,5x5,hard,303,dfs,8,3.14.3,macOS-26.5.2-arm64-arm-64bit-Mach-O,arm,unknown,/Users/vqd/BTL_AI/.venv/bin/python,solved,11.787208030000329,131.9619140625,26,26,0,0,1,25,25,0,
pipes-5x5-hard-seed-303,pipes,5x5,hard,303,dfs,9,3.14.3,macOS-26.5.2-arm64-arm-64bit-Mach-O,arm,unknown,/Users/vqd/BTL_AI/.venv/bin/python,solved,11.398874979931861,131.9619140625,26,26,0,0,1,25,25,0,
pipes-5x5-hard-seed-303,pipes,5x5,hard,303,dfs,10,3.14.3,macOS-26.5.2-arm64-arm-64bit-Mach-O,arm,unknown,/Users/vqd/BTL_AI/.venv/bin/python,solved,11.477916967123747,131.9619140625,26,26,0,0,1,25,25,0,
pipes-5x5-hard-seed-303,pipes,5x5,hard,303,gbfs,1,3.14.3,macOS-26.5.2-arm64-arm-64bit-Mach-O,arm,unknown,/Users/vqd/BTL_AI/.venv/bin/python,solved,13.02125002257526,131.9619140625,26,26,0,0,1,25,25,26,
pipes-5x5-hard-seed-303,pipes,5x5,hard,303,gbfs,2,3.14.3,macOS-26.5.2-arm64-arm-64bit-Mach-O,arm,unknown,/Users/vqd/BTL_AI/.venv/bin/python,solved,13.111416017636657,131.9619140625,26,26,0,0,1,25,25,26,
pipes-5x5-hard-seed-303,pipes,5x5,hard,303,gbfs,3,3.14.3,macOS-26.5.2-arm64-arm-64bit-Mach-O,arm,unknown,/Users/vqd/BTL_AI/.venv/bin/python,solved,13.026000000536442,131.9619140625,26,26,0,0,1,25,25,26,
pipes-5x5-hard-seed-303,pipes,5x5,hard,303,gbfs,4,3.14.3,macOS-26.5.2-arm64-arm-64bit-Mach-O,arm,unknown,/Users/vqd/BTL_AI/.venv/bin/python,solved,13.70287500321865,131.9619140625,26,26,0,0,1,25,25,26,
pipes-5x5-hard-seed-303,pipes,5x5,hard,303,gbfs,5,3.14.3,macOS-26.5.2-arm64-arm-64bit-Mach-O,arm,unknown,/Users/vqd/BTL_AI/.venv/bin/python,solved,13.043749961070716,131.9619140625,26,26,0,0,1,25,25,26,
pipes-5x5-hard-seed-303,pipes,5x5,hard,303,gbfs,6,3.14.3,macOS-26.5.2-arm64-arm-64bit-Mach-O,arm,unknown,/Users/vqd/BTL_AI/.venv/bin/python,solved,13.008874957449734,131.9619140625,26,26,0,0,1,25,25,26,
pipes-5x5-hard-seed-303,pipes,5x5,hard,303,gbfs,7,3.14.3,macOS-26.5.2-arm64-arm-64bit-Mach-O,arm,unknown,/Users/vqd/BTL_AI/.venv/bin/python,solved,13.121875002980232,131.9619140625,26,26,0,0,1,25,25,26,
pipes-5x5-hard-seed-303,pipes,5x5,hard,303,gbfs,8,3.14.3,macOS-26.5.2-arm64-arm-64bit-Mach-O,arm,unknown,/Users/vqd/BTL_AI/.venv/bin/python,solved,13.02454195683822,131.9619140625,26,26,0,0,1,25,25,26,
pipes-5x5-hard-seed-303,pipes,5x5,hard,303,gbfs,9,3.14.3,macOS-26.5.2-arm64-arm-64bit-Mach-O,arm,unknown,/Users/vqd/BTL_AI/.venv/bin/python,solved,13.41070799389854,131.9619140625,26,26,0,0,1,25,25,26,
pipes-5x5-hard-seed-303,pipes,5x5,hard,303,gbfs,10,3.14.3,macOS-26.5.2-arm64-arm-64bit-Mach-O,arm,unknown,/Users/vqd/BTL_AI/.venv/bin/python,solved,13.203750015236437,131.9619140625,26,26,0,0,1,25,25,26,
futoshiki-6x6-hard-seed-403,futoshiki,6,hard,403,dfs,1,3.14.3,macOS-26.5.2-arm64-arm-64bit-Mach-O,arm,unknown,/Users/vqd/BTL_AI/.venv/bin/python,solved,1.3705000164918602,133.6220703125,33,31,2,0,3,25,25,0,
futoshiki-6x6-hard-seed-403,futoshiki,6,hard,403,dfs,2,3.14.3,macOS-26.5.2-arm64-arm-64bit-Mach-O,arm,unknown,/Users/vqd/BTL_AI/.venv/bin/python,solved,1.3795419945381582,133.6220703125,33,31,2,0,3,25,25,0,
futoshiki-6x6-hard-seed-403,futoshiki,6,hard,403,dfs,3,3.14.3,macOS-26.5.2-arm64-arm-64bit-Mach-O,arm,unknown,/Users/vqd/BTL_AI/.venv/bin/python,solved,1.4152080402709544,133.6220703125,33,31,2,0,3,25,25,0,
futoshiki-6x6-hard-seed-403,futoshiki,6,hard,403,dfs,4,3.14.3,macOS-26.5.2-arm64-arm-64bit-Mach-O,arm,unknown,/Users/vqd/BTL_AI/.venv/bin/python,solved,1.411292003467679,133.6220703125,33,31,2,0,3,25,25,0,
futoshiki-6x6-hard-seed-403,futoshiki,6,hard,403,dfs,5,3.14.3,macOS-26.5.2-arm64-arm-64bit-Mach-O,arm,unknown,/Users/vqd/BTL_AI/.venv/bin/python,solved,1.4175830292515457,133.6220703125,33,31,2,0,3,25,25,0,
futoshiki-6x6-hard-seed-403,futoshiki,6,hard,403,dfs,6,3.14.3,macOS-26.5.2-arm64-arm-64bit-Mach-O,arm,unknown,/Users/vqd/BTL_AI/.venv/bin/python,solved,1.393208047375083,133.6220703125,33,31,2,0,3,25,25,0,
futoshiki-6x6-hard-seed-403,futoshiki,6,hard,403,dfs,7,3.14.3,macOS-26.5.2-arm64-arm-64bit-Mach-O,arm,unknown,/Users/vqd/BTL_AI/.venv/bin/python,solved,1.3650830369442701,133.6220703125,33,31,2,0,3,25,25,0,
futoshiki-6x6-hard-seed-403,futoshiki,6,hard,403,dfs,8,3.14.3,macOS-26.5.2-arm64-arm-64bit-Mach-O,arm,unknown,/Users/vqd/BTL_AI/.venv/bin/python,solved,1.3665420119650662,133.6220703125,33,31,2,0,3,25,25,0,
futoshiki-6x6-hard-seed-403,futoshiki,6,hard,403,dfs,9,3.14.3,macOS-26.5.2-arm64-arm-64bit-Mach-O,arm,unknown,/Users/vqd/BTL_AI/.venv/bin/python,solved,1.3971669832244515,133.6220703125,33,31,2,0,3,25,25,0,
futoshiki-6x6-hard-seed-403,futoshiki,6,hard,403,dfs,10,3.14.3,macOS-26.5.2-arm64-arm-64bit-Mach-O,arm,unknown,/Users/vqd/BTL_AI/.venv/bin/python,solved,1.4154170057736337,133.6220703125,33,31,2,0,3,25,25,0,
futoshiki-6x6-hard-seed-403,futoshiki,6,hard,403,gbfs,1,3.14.3,macOS-26.5.2-arm64-arm-64bit-Mach-O,arm,unknown,/Users/vqd/BTL_AI/.venv/bin/python,solved,3.130291006527841,133.6220703125,33,32,3,0,3,25,25,33,
futoshiki-6x6-hard-seed-403,futoshiki,6,hard,403,gbfs,2,3.14.3,macOS-26.5.2-arm64-arm-64bit-Mach-O,arm,unknown,/Users/vqd/BTL_AI/.venv/bin/python,solved,3.136291983537376,133.6220703125,33,32,3,0,3,25,25,33,
futoshiki-6x6-hard-seed-403,futoshiki,6,hard,403,gbfs,3,3.14.3,macOS-26.5.2-arm64-arm-64bit-Mach-O,arm,unknown,/Users/vqd/BTL_AI/.venv/bin/python,solved,3.1115830061025918,133.6220703125,33,32,3,0,3,25,25,33,
futoshiki-6x6-hard-seed-403,futoshiki,6,hard,403,gbfs,4,3.14.3,macOS-26.5.2-arm64-arm-64bit-Mach-O,arm,unknown,/Users/vqd/BTL_AI/.venv/bin/python,solved,3.136457991786301,133.6220703125,33,32,3,0,3,25,25,33,
futoshiki-6x6-hard-seed-403,futoshiki,6,hard,403,gbfs,5,3.14.3,macOS-26.5.2-arm64-arm-64bit-Mach-O,arm,unknown,/Users/vqd/BTL_AI/.venv/bin/python,solved,3.1264169956557453,133.6220703125,33,32,3,0,3,25,25,33,
futoshiki-6x6-hard-seed-403,futoshiki,6,hard,403,gbfs,6,3.14.3,macOS-26.5.2-arm64-arm-64bit-Mach-O,arm,unknown,/Users/vqd/BTL_AI/.venv/bin/python,solved,3.280750010162592,133.6220703125,33,32,3,0,3,25,25,33,
futoshiki-6x6-hard-seed-403,futoshiki,6,hard,403,gbfs,7,3.14.3,macOS-26.5.2-arm64-arm-64bit-Mach-O,arm,unknown,/Users/vqd/BTL_AI/.venv/bin/python,solved,3.1428340007551014,133.6220703125,33,32,3,0,3,25,25,33,
futoshiki-6x6-hard-seed-403,futoshiki,6,hard,403,gbfs,8,3.14.3,macOS-26.5.2-arm64-arm-64bit-Mach-O,arm,unknown,/Users/vqd/BTL_AI/.venv/bin/python,solved,3.145167022012174,133.6220703125,33,32,3,0,3,25,25,33,
futoshiki-6x6-hard-seed-403,futoshiki,6,hard,403,gbfs,9,3.14.3,macOS-26.5.2-arm64-arm-64bit-Mach-O,arm,unknown,/Users/vqd/BTL_AI/.venv/bin/python,solved,3.1962079810909927,133.6220703125,33,32,3,0,3,25,25,33,
futoshiki-6x6-hard-seed-403,futoshiki,6,hard,403,gbfs,10,3.14.3,macOS-26.5.2-arm64-arm-64bit-Mach-O,arm,unknown,/Users/vqd/BTL_AI/.venv/bin/python,solved,3.1585419783368707,133.6220703125,33,32,3,0,3,25,25,33,
